transformer_id,location,voltage,current,frequency,power_mw,temperature,status,phase,timestamp
TRF-0010,Tabuk-Center,221.15,338.34,59.91,74.82,46.9,NORMAL,B,2026-05-25 00:58:51
TRF-0001,Riyadh-North,229.92,357.12,59.91,82.11,39.1,NORMAL,C,05/25/2026 00:58:51
TRF-0002,Riyadh-East,239.65,363.06,60.03,87.01,53.2,NORMAL,A,2026/05/25 00:58:51
TRF-0003,Jeddah-Main,224.22,453.13,60.03,101.6,37.4,NORMAL,B,25-05-2026 00:58
TRF-0004,Jeddah-Industrial,228.07,278.76,59.91,63.58,48.0,NORMAL,B,20260525T005851
TRF-0005,Dammam-Central,223.53,287.65,60.03,64.3,48.4,NORMAL,A,05/25/2026 00:58:51
TRF-0006,Dammam-Port,236.24,410.58,60.04,97.0,37.9,NORMAL,B,25-05-2026 00:58
TRF-0007,Mecca-Haram,222.62,115.22,60.07,25.65,42.5,NORMAL,A,25-05-2026 00:58
TRF-0008,Medina-Central,225.52,147.78,59.91,33.33,40.8,NORMAL,B,2026-05-25 00:58:51
TRF-0009,Abha-City,228.17,101.17,59.88,23.08,46.1,NORMAL,C,2026-05-25 00:58:51
TRF-0010,Tabuk-Center,231.11,487.32,59.96,112.62,,NORMAL,A,05/25/2026 00:58:51
TRF-0001,Riyadh-North,225.64,195.54,59.98,44.12,62.9,NORMAL,C,2026-05-25 00:58:51
TRF-0002,Riyadh-East,230.37,277.19,60.15,63.86,33.7,NORMAL,A,2026-05-25 00:58:51
TRF-0003,Jeddah-Main,222.77,264.59,60.19,58.94,44.4,NORMAL,B,2026/05/25 00:58:51
TRF-0004,Jeddah-Industrial,223.46,175.6,59.85,39.24,49.9,NORMAL,B,2026/05/25 00:58:51
TRF-0005,Dammam-Central,220.81,376.4,59.85,83.11,60.0,NORMAL,B,20260525T005851
TRF-0006,Dammam-Port,226.87,115.62,,26.23,33.9,NORMAL,C,25-05-2026 00:58
TRF-0007,Mecca-Haram,231.74,272.77,59.95,63.21,63.6,NORMAL,C,2026-05-25 00:58:51
TRF-0008,Medina-Central,229.56,226.8,59.96,52.06,55.6,NORMAL,C,25-05-2026 00:58
TRF-0009,Abha-City,239.27,395.78,60.14,94.7,32.0,NORMAL,C,20260525T005851
TRF-0010,Tabuk-Center,227.59,153.18,59.81,34.86,42.0,NORMAL,A,25-05-2026 00:58
TRF-0001,Riyadh-North,226.73,464.43,60.06,105.3,42.7,NORMAL,B,2026-05-25 00:58:52
TRF-0002,Riyadh-East,226.25,123.24,59.99,27.88,54.1,NORMAL,A,05/25/2026 00:58:52
TRF-0003,Jeddah-Main,223.81,186.41,60.04,41.72,39.1,NORMAL,A,2026-05-25 00:58:52
TRF-0004,Jeddah-Industrial,236.7,332.21,60.08,78.63,33.8,NORMAL,A,2026-05-25 00:58:52
TRF-0005,Dammam-Central,225.31,211.21,60.04,47.59,48.2,NORMAL,B,20260525T005852
TRF-0006,Dammam-Port,238.28,375.99,60.03,89.59,36.1,NORMAL,A,2026-05-25 00:58:52
TRF-0007,Mecca-Haram,235.48,203.01,68.27,47.8,33.3,FREQ_DRIFT,C,20260525T005852
TRF-0008,Medina-Central,232.14,306.58,60.07,71.17,55.2,NORMAL,C,05/25/2026 00:58:52
TRF-0009,Abha-City,237.55,468.51,60.1,111.29,42.0,NORMAL,B,20260525T005852
TRF-0010,Tabuk-Center,235.43,324.46,60.05,76.39,47.0,NORMAL,C,25-05-2026 00:58
TRF-0001,Riyadh-North,233.85,395.36,59.96,92.45,47.8,NORMAL,A,2026-05-25 00:58:52
TRF-0002,Riyadh-East,228.49,438.97,60.04,100.3,59.3,NORMAL,A,25-05-2026 00:58
TRF-0003,Jeddah-Main,222.69,222.96,60.11,49.65,41.9,NORMAL,B,25-05-2026 00:58
TRF-0004,Jeddah-Industrial,226.12,183.68,59.99,41.53,57.0,NORMAL,C,2026/05/25 00:58:52
TRF-0005,Dammam-Central,222.95,254.6,60.16,56.76,51.7,NORMAL,C,2026/05/25 00:58:52
TRF-0006,Dammam-Port,224.52,243.99,60.15,54.78,30.0,NORMAL,B,20260525T005852
TRF-0007,Mecca-Haram,221.75,384.44,59.95,,39.4,NORMAL,B,25-05-2026 00:58
TRF-0008,Medina-Central,220.49,475.17,59.84,104.77,33.0,NORMAL,A,2026/05/25 00:58:52
TRF-0009,Abha-City,234.19,234.54,60.02,54.93,46.2,NORMAL,B,05/25/2026 00:58:52
TRF-0010,Tabuk-Center,229.55,380.07,60.16,87.25,53.2,NORMAL,C,20260525T005852
TRF-0001,Riyadh-North,225.78,242.29,59.83,54.7,33.5,NORMAL,B,20260525T005852
TRF-0002,Riyadh-East,221.04,475.28,60.19,105.06,30.5,NORMAL,A,2026-05-25 00:58:52
TRF-0003,Jeddah-Main,239.29,198.36,59.98,47.47,63.3,NORMAL,B,2026-05-25 00:58:52
TRF-0004,Jeddah-Industrial,238.85,463.19,60.09,110.63,43.3,NORMAL,B,05/25/2026 00:58:52
TRF-0005,Dammam-Central,239.97,299.95,60.12,71.98,46.2,NORMAL,C,2026/05/25 00:58:52
TRF-0006,Dammam-Port,234.58,143.37,59.8,33.63,52.3,NORMAL,C,2026/05/25 00:58:52
TRF-0007,Mecca-Haram,222.24,458.93,60.15,101.99,31.2,NORMAL,C,05/25/2026 00:58:52
TRF-0008,Medina-Central,228.49,201.82,60.19,46.11,48.2,NORMAL,B,20260525T005852
TRF-0009,Abha-City,220.91,435.94,59.89,96.3,64.7,NORMAL,C,2026-05-25 00:58:52
TRF-0010,Tabuk-Center,233.68,159.06,59.93,37.17,55.7,NORMAL,C,25-05-2026 00:58
TRF-0001,Riyadh-North,222.48,401.01,60.05,89.22,40.2,NORMAL,C,20260525T005852
TRF-0002,Riyadh-East,235.25,490.0,60.14,115.27,43.7,NORMAL,C,20260525T005852
TRF-0003,Jeddah-Main,238.49,368.2,60.0,87.81,58.7,NORMAL,A,25-05-2026 00:58
TRF-0004,Jeddah-Industrial,229.97,247.46,60.04,56.91,60.2,NORMAL,A,2026-05-25 00:58:52
TRF-0005,Dammam-Central,228.6,213.27,59.81,48.75,44.0,NORMAL,A,25-05-2026 00:58
TRF-0006,Dammam-Port,235.04,140.88,60.07,33.11,41.4,NORMAL,A,20260525T005852
TRF-0007,Mecca-Haram,229.75,225.09,60.15,51.71,49.4,NORMAL,B,2026-05-25 00:58:52
TRF-0008,Medina-Central,232.65,366.23,59.93,85.2,47.5,NORMAL,B,05/25/2026 00:58:52
TRF-0009,Abha-City,238.79,481.97,60.13,115.09,62.5,NORMAL,C,2026-05-25 00:58:52
TRF-0009,Abha-City,238.79,481.97,60.13,115.09,62.5,NORMAL,C,2026-05-25 00:58:52
TRF-0010,Tabuk-Center,223.69,255.23,60.2,57.09,54.2,NORMAL,A,25-05-2026 00:58
TRF-0001,Riyadh-North,238.56,267.82,59.9,63.89,63.7,NORMAL,A,2026/05/25 00:58:52
TRF-0002,Riyadh-East,-230,317.27,60.07,71.1,43.1,NORMAL,B,2026-05-25 00:58:52
TRF-0003,Jeddah-Main,227.86,292.64,59.85,66.68,54.5,NORMAL,C,2026/05/25 00:58:52
TRF-0004,Jeddah-Industrial,232.33,323.87,59.96,75.24,51.8,NORMAL,A,2026/05/25 00:58:52
TRF-0005,Dammam-Central,222.49,165.4,60.02,36.8,38.9,NORMAL,A,2026/05/25 00:58:52
TRF-0006,Dammam-Port,228.84,406.09,59.88,92.93,62.3,NORMAL,A,05/25/2026 00:58:52
TRF-0007,Mecca-Haram,226.7,841.76,60.14,258.05,113.8,OVERLOAD,A,05/25/2026 00:58:52
TRF-0008,Medina-Central,237.35,387.47,59.85,91.97,41.6,NORMAL,A,25-05-2026 00:58
TRF-0009,Abha-City,223.21,247.12,59.99,55.16,57.4,NORMAL,B,2026-05-25 00:58:52
TRF-0010,Tabuk-Center,237.07,148.55,59.9,35.22,38.3,NORMAL,B,25-05-2026 00:58
TRF-0001,Riyadh-North,220.58,299.88,60.16,66.15,59.3,NORMAL,A,2026-05-25 00:58:52
TRF-0002,Riyadh-East,222.12,155.18,60.12,34.47,40.2,NORMAL,A,05/25/2026 00:58:52
TRF-0003,Jeddah-Main,236.63,465.65,60.11,110.19,39.6,NORMAL,A,2026/05/25 00:58:52
TRF-0004,Jeddah-Industrial,237.92,248.08,59.98,59.02,54.2,NORMAL,A,25-05-2026 00:58
TRF-0005,Dammam-Central,235.58,111.18,59.93,26.19,47.9,NORMAL,B,20260525T005852
TRF-0006,Dammam-Port,232.84,210.6,59.91,49.04,58.2,NORMAL,A,05/25/2026 00:58:52
TRF-0007,Mecca-Haram,234.58,395.67,59.95,92.82,38.8,NORMAL,A,25-05-2026 00:58
TRF-0008,Medina-Central,224.74,408.46,59.86,91.8,43.0,NORMAL,C,25-05-2026 00:58
TRF-0009,Abha-City,237.98,276.07,60.15,65.7,30.8,NORMAL,C,2026/05/25 00:58:52
TRF-0010,Tabuk-Center,225.31,128.84,60.03,29.03,42.1,NORMAL,B,20260525T005852
TRF-0001,Riyadh-North,222.26,486.28,60.2,108.08,30.7,NORMAL,C,20260525T005852
TRF-0002,Riyadh-East,226.05,346.02,59.84,78.22,44.5,NORMAL,A,25-05-2026 00:58
TRF-0003,Jeddah-Main,232.01,423.29,60.07,98.21,32.9,NORMAL,C,2026/05/25 00:58:52
TRF-0004,Jeddah-Industrial,224.87,0.0,60.04,0.0,33.8,OUTAGE,B,20260525T005852
TRF-0005,Dammam-Central,235.8,433.21,59.88,102.15,53.6,NORMAL,C,2026-05-25 00:58:52
TRF-0006,Dammam-Port,220.08,296.9,59.81,65.34,59.8,NORMAL,B,20260525T005852
TRF-0007,Mecca-Haram,221.57,358.19,60.12,79.36,46.6,NORMAL,B,2026-05-25 00:58:52
TRF-0008,Medina-Central,239.6,120.71,59.84,28.92,40.3,NORMAL,C,25-05-2026 00:58
TRF-0009,Abha-City,230.09,197.89,59.98,45.53,44.6,NORMAL,B,2026/05/25 00:58:52
TRF-0010,Tabuk-Center,226.34,392.33,60.18,88.8,32.0,NORMAL,C,20260525T005852
TRF-0001,Riyadh-North,236.2,213.61,59.94,50.45,250.0,OVERHEAT,C,20260525T005852
TRF-0001,Riyadh-North,236.2,213.61,59.94,50.45,250.0,OVERHEAT,C,20260525T005852
TRF-0002,Riyadh-East,237.42,435.48,59.91,103.39,43.7,NORMAL,A,2026/05/25 00:58:52
TRF-0003,Jeddah-Main,238.96,139.82,60.11,33.41,60.5,NORMAL,C,05/25/2026 00:58:52
TRF-0004,Jeddah-Industrial,234.33,105.46,60.09,24.71,31.3,NORMAL,B,20260525T005852
TRF-0005,Dammam-Central,238.68,236.41,60.06,56.43,48.7,NORMAL,C,25-05-2026 00:58
TRF-0006,Dammam-Port,234.31,426.36,59.9,99.9,61.8,NORMAL,B,2026-05-25 00:58:52
TRF-0007,Mecca-Haram,230.2,218.59,59.81,50.32,40.4,NORMAL,C,2026-05-25 00:58:52
TRF-0008,Medina-Central,222.69,443.55,60.16,98.77,34.7,NORMAL,B,2026/05/25 00:58:52
TRF-0009,Abha-City,235.68,248.81,60.05,58.64,43.3,NORMAL,A,2026-05-25 00:58:52
TRF-0010,Tabuk-Center,220.69,403.26,60.18,89.0,63.5,NORMAL,B,20260525T005852
TRF-0001,Riyadh-North,227.52,138.89,60.17,31.6,64.8,NORMAL,A,25-05-2026 00:58
TRF-0002,Riyadh-East,234.24,438.3,59.84,102.67,31.9,NORMAL,C,05/25/2026 00:58:52
TRF-0003,Jeddah-Main,238.56,334.47,59.94,79.79,64.1,NORMAL,C,25-05-2026 00:58
TRF-0004,Jeddah-Industrial,223.78,150.7,59.85,33.72,33.3,NORMAL,A,2026-05-25 00:58:52
TRF-0005,Dammam-Central,220.76,267.13,60.13,58.97,35.6,NORMAL,B,05/25/2026 00:58:52
TRF-0006,Dammam-Port,232.85,411.03,47.28,95.71,59.5,FREQ_DRIFT,A,05/25/2026 00:58:52
TRF-0007,Mecca-Haram,220.14,233.15,59.82,51.33,55.7,NORMAL,B,25-05-2026 00:58
TRF-0008,Medina-Central,235.19,297.07,49.35,69.87,48.8,FREQ_DRIFT,A,2026/05/25 00:58:52
TRF-0009,Abha-City,230.49,421.91,60.12,97.25,35.4,NORMAL,B,2026/05/25 00:58:52
TRF-0010,Tabuk-Center,225.12,319.81,60.12,72.0,54.1,NORMAL,B,05/25/2026 00:58:52
TRF-0001,Riyadh-North,234.88,309.97,59.89,72.81,54.3,NORMAL,C,2026/05/25 00:58:52
TRF-0002,Riyadh-East,235.08,271.37,59.82,63.79,33.7,NORMAL,B,05/25/2026 00:58:52
TRF-0003,Jeddah-Main,234.46,401.22,60.12,94.07,46.4,NORMAL,B,2026-05-25 00:58:52
TRF-0004,Jeddah-Industrial,220.9,263.99,60.03,58.32,64.1,NORMAL,B,20260525T005852
TRF-0005,Dammam-Central,238.02,0.0,59.89,0.0,32.7,OUTAGE,A,05/25/2026 00:58:52
TRF-0006,Dammam-Port,234.83,105.36,59.97,24.74,53.3,NORMAL,A,20260525T005852
TRF-0007,Mecca-Haram,220.45,145.93,59.99,32.17,53.8,NORMAL,A,05/25/2026 00:58:52
TRF-0008,Medina-Central,238.8,421.56,59.89,100.67,48.0,NORMAL,A,2026/05/25 00:58:52
TRF-0009,Abha-City,233.28,143.75,59.8,33.53,41.0,NORMAL,A,2026-05-25 00:58:52
TRF-0010,Tabuk-Center,233.2,422.0,60.18,98.41,38.6,NORMAL,A,2026/05/25 00:58:52
TRF-0001,Riyadh-North,235.3,440.88,60.0,103.74,52.7,NORMAL,A,20260525T005852
TRF-0002,Riyadh-East,230.44,0.0,60.15,0.0,31.5,OUTAGE,B,2026/05/25 00:58:52
TRF-0003,Jeddah-Main,228.27,178.86,59.98,40.83,42.0,NORMAL,A,2026-05-25 00:58:52
TRF-0004,Jeddah-Industrial,235.3,347.75,60.13,81.83,42.7,NORMAL,B,25-05-2026 00:58
TRF-0005,Dammam-Central,227.32,123.96,59.97,28.18,48.0,NORMAL,C,2026/05/25 00:58:52
TRF-0006,Dammam-Port,222.79,340.19,59.89,75.79,53.9,NORMAL,B,25-05-2026 00:58
TRF-0007,Mecca-Haram,235.95,193.67,59.98,45.7,40.7,NORMAL,A,05/25/2026 00:58:52
TRF-0008,Medina-Central,233.34,199.58,59.85,46.57,38.1,NORMAL,A,25-05-2026 00:58
TRF-0009,Abha-City,235.52,481.82,59.98,113.48,39.8,NORMAL,A,2026/05/25 00:58:52
TRF-0010,Tabuk-Center,237.55,375.2,60.05,89.13,60.7,NORMAL,B,2026/05/25 00:58:52
TRF-0001,Riyadh-North,226.71,170.63,60.06,38.68,30.9,NORMAL,B,2026/05/25 00:58:52
TRF-0002,Riyadh-East,230.3,106.07,60.01,24.43,62.4,NORMAL,A,25-05-2026 00:58
TRF-0003,Jeddah-Main,234.83,204.4,60.08,48.0,44.7,NORMAL,A,25-05-2026 00:58
TRF-0004,Jeddah-Industrial,228.37,339.04,60.16,77.43,35.6,NORMAL,A,2026-05-25 00:58:52
TRF-0005,Dammam-Central,222.82,0.0,60.03,0.0,42.2,OUTAGE,C,25-05-2026 00:58
TRF-0006,Dammam-Port,223.89,342.85,60.18,76.76,61.8,NORMAL,B,2026/05/25 00:58:52
TRF-0007,Mecca-Haram,235.43,494.66,60.15,116.46,32.3,NORMAL,A,05/25/2026 00:58:52
TRF-0008,Medina-Central,225.25,457.76,59.96,103.11,50.9,NORMAL,A,20260525T005852
TRF-0009,Abha-City,225.14,423.53,59.85,95.35,32.6,NORMAL,B,2026/05/25 00:58:52
TRF-0010,Tabuk-Center,237.72,437.53,60.16,104.01,33.9,NORMAL,A,05/25/2026 00:58:52
TRF-0001,Riyadh-North,230.26,389.56,60.19,89.7,30.3,NORMAL,B,2026/05/25 00:58:52
TRF-0002,Riyadh-East,237.02,121.06,60.04,28.69,39.0,NORMAL,C,25-05-2026 00:58
TRF-0003,Jeddah-Main,238.27,184.49,59.87,43.96,53.5,NORMAL,C,20260525T005852
TRF-0004,Jeddah-Industrial,223.95,326.41,60.2,73.1,45.3,NORMAL,A,2026-05-25 00:58:52
TRF-0005,Dammam-Central,231.83,266.05,60.0,61.68,52.9,NORMAL,B,25-05-2026 00:58
TRF-0006,Dammam-Port,-230,319.12,60.01,72.58,41.4,NORMAL,B,05/25/2026 00:58:52
TRF-0007,Mecca-Haram,235.23,153.35,60.13,36.07,52.5,NORMAL,B,2026-05-25 00:58:52
TRF-0008,Medina-Central,224.31,478.51,60.12,107.33,49.0,NORMAL,B,25-05-2026 00:58
TRF-0009,Abha-City,232.4,178.43,59.8,41.47,55.0,NORMAL,B,2026-05-25 00:58:52
TRF-0010,Tabuk-Center,237.6,288.54,59.81,68.56,52.8,NORMAL,C,20260525T005852
TRF-0001,Riyadh-North,222.13,466.31,60.08,103.58,50.9,NORMAL,B,2026/05/25 00:58:52
TRF-0002,Riyadh-East,224.19,472.72,60.16,105.98,34.7,NORMAL,B,05/25/2026 00:58:52
TRF-0003,Jeddah-Main,226.01,418.06,59.97,94.49,62.9,NORMAL,A,25-05-2026 00:58
TRF-0004,Jeddah-Industrial,237.13,231.49,60.14,54.89,56.5,NORMAL,A,05/25/2026 00:58:52
TRF-0005,Dammam-Central,227.43,459.58,60.07,104.52,54.1,NORMAL,C,2026-05-25 00:58:52
TRF-0006,Dammam-Port,221.53,459.05,60.16,101.69,53.3,NORMAL,B,2026/05/25 00:58:52
TRF-0006,Dammam-Port,221.53,459.05,60.16,101.69,53.3,NORMAL,B,2026/05/25 00:58:52
TRF-0007,Mecca-Haram,234.93,291.28,60.11,68.43,36.6,NORMAL,C,2026/05/25 00:58:52
TRF-0008,Medina-Central,-230,178.48,60.07,42.42,52.2,NORMAL,B,2026-05-25 00:58:52
TRF-0009,Abha-City,233.38,230.14,60.03,53.71,45.8,NORMAL,C,25-05-2026 00:58
TRF-0010,Tabuk-Center,237.39,138.95,60.17,32.99,33.6,NORMAL,A,20260525T005852
TRF-0001,Riyadh-North,233.46,157.83,60.13,36.85,63.6,NORMAL,C,25-05-2026 00:58
TRF-0002,Riyadh-East,238.88,213.69,59.93,51.05,33.4,NORMAL,A,25-05-2026 00:58
TRF-0003,Jeddah-Main,234.08,464.76,60.1,108.79,43.1,NORMAL,A,05/25/2026 00:58:52
TRF-0004,Jeddah-Industrial,225.1,140.51,59.88,31.63,41.6,NORMAL,C,25-05-2026 00:58
TRF-0005,Dammam-Central,223.79,114.66,59.82,25.66,61.8,NORMAL,C,25-05-2026 00:58
TRF-0005,Dammam-Central,223.79,114.66,59.82,25.66,61.8,NORMAL,C,25-05-2026 00:58
TRF-0006,Dammam-Port,222.1,195.86,59.81,43.5,51.7,NORMAL,A,2026/05/25 00:58:52
TRF-0007,Mecca-Haram,227.24,382.43,60.03,86.9,58.3,NORMAL,C,2026/05/25 00:58:52
TRF-0008,Medina-Central,224.33,228.94,60.12,,48.7,NORMAL,C,05/25/2026 00:58:52
TRF-0009,Abha-City,226.4,448.04,59.99,101.44,43.3,NORMAL,A,05/25/2026 00:58:52
TRF-0010,Tabuk-Center,233.58,146.83,60.04,34.3,35.6,NORMAL,B,20260525T005852
TRF-0001,Riyadh-North,238.27,274.16,60.05,65.32,,NORMAL,C,20260525T005852
TRF-0002,Riyadh-East,227.29,443.24,59.98,100.74,38.0,NORMAL,B,2026-05-25 00:58:52
TRF-0003,Jeddah-Main,227.99,147.78,59.88,33.69,40.2,NORMAL,C,2026-05-25 00:58:52
TRF-0004,Jeddah-Industrial,232.9,209.98,59.95,48.9,58.9,NORMAL,B,05/25/2026 00:58:52
TRF-0005,Dammam-Central,222.92,438.99,60.17,97.86,57.1,NORMAL,C,20260525T005852
TRF-0005,Dammam-Central,222.92,438.99,60.17,97.86,57.1,NORMAL,C,20260525T005852
TRF-0006,Dammam-Port,239.84,478.37,60.08,114.73,51.2,NORMAL,C,05/25/2026 00:58:52
TRF-0007,Mecca-Haram,225.38,496.08,60.03,111.81,60.4,NORMAL,C,20260525T005852
TRF-0008,Medina-Central,230.09,0.0,60.1,0.0,41.1,OUTAGE,B,2026-05-25 00:58:52
TRF-0009,Abha-City,232.66,168.37,59.96,39.17,56.2,NORMAL,A,25-05-2026 00:58
TRF-0010,Tabuk-Center,235.44,390.13,59.87,91.85,38.9,NORMAL,A,2026/05/25 00:58:52
TRF-0001,Riyadh-North,224.41,116.41,60.09,26.12,40.0,NORMAL,C,2026-05-25 00:58:52
TRF-0002,Riyadh-East,239.57,275.71,60.04,66.05,36.7,NORMAL,B,05/25/2026 00:58:52
TRF-0003,Jeddah-Main,223.89,363.63,59.91,81.41,61.3,NORMAL,C,25-05-2026 00:58
TRF-0004,Jeddah-Industrial,222.07,298.34,60.18,66.25,37.9,NORMAL,A,2026/05/25 00:58:52
TRF-0005,Dammam-Central,225.17,374.58,60.18,84.34,250.0,OVERHEAT,B,2026-05-25 00:58:52
TRF-0006,Dammam-Port,224.73,465.39,59.82,104.59,59.7,NORMAL,B,2026/05/25 00:58:52
TRF-0007,Mecca-Haram,232.5,413.69,60.07,96.18,45.1,NORMAL,A,2026-05-25 00:58:52
TRF-0008,Medina-Central,222.19,353.0,60.2,78.43,49.9,NORMAL,C,2026-05-25 00:58:52
TRF-0009,Abha-City,222.82,499.26,60.19,111.25,39.6,NORMAL,C,2026/05/25 00:58:52
TRF-0010,Tabuk-Center,225.37,384.33,59.87,86.62,35.6,NORMAL,C,2026/05/25 00:58:52
TRF-0001,Riyadh-North,236.76,321.16,59.96,76.04,36.9,NORMAL,A,25-05-2026 00:58
TRF-0002,Riyadh-East,234.13,100.89,59.91,23.62,39.1,NORMAL,A,2026/05/25 00:58:52
TRF-0003,Jeddah-Main,238.81,302.23,59.89,72.18,36.0,NORMAL,B,2026/05/25 00:58:52
TRF-0004,Jeddah-Industrial,229.03,258.19,59.84,59.13,42.3,NORMAL,C,25-05-2026 00:58
TRF-0005,Dammam-Central,220.44,441.87,60.14,97.41,36.8,NORMAL,B,05/25/2026 00:58:52
TRF-0006,Dammam-Port,235.41,209.67,59.86,49.36,60.7,NORMAL,B,2026-05-25 00:58:52
TRF-0007,Mecca-Haram,225.03,283.14,60.16,63.71,47.4,NORMAL,B,20260525T005852
TRF-0008,Medina-Central,239.28,237.81,59.8,56.9,59.7,NORMAL,C,25-05-2026 00:58
TRF-0009,Abha-City,222.37,273.1,59.9,60.73,56.2,NORMAL,B,25-05-2026 00:58
TRF-0010,Tabuk-Center,239.38,111.01,60.15,26.57,37.1,NORMAL,A,2026/05/25 00:58:52
TRF-0001,Riyadh-North,227.96,258.95,60.18,59.03,35.6,NORMAL,A,25-05-2026 00:58
TRF-0002,Riyadh-East,222.85,436.01,60.08,97.16,62.1,NORMAL,B,2026/05/25 00:58:52
TRF-0003,Jeddah-Main,227.77,485.24,60.11,110.52,38.1,NORMAL,C,2026/05/25 00:58:52
TRF-0004,Jeddah-Industrial,233.72,285.33,60.13,66.69,53.8,NORMAL,B,20260525T005852
TRF-0005,Dammam-Central,232.28,164.06,59.81,38.11,45.8,NORMAL,A,2026/05/25 00:58:52
TRF-0006,Dammam-Port,235.88,343.81,60.1,81.1,37.4,NORMAL,C,2026-05-25 00:58:52
TRF-0007,Mecca-Haram,226.4,353.15,59.97,79.95,43.5,NORMAL,B,2026-05-25 00:58:52
TRF-0008,Medina-Central,229.73,131.67,59.98,30.25,250.0,OVERHEAT,B,20260525T005852
TRF-0009,Abha-City,228.33,197.78,59.87,45.16,47.4,NORMAL,C,2026-05-25 00:58:52
TRF-0010,Tabuk-Center,236.55,266.87,60.05,63.13,34.6,NORMAL,A,05/25/2026 00:58:52
TRF-0001,Riyadh-North,221.45,221.47,60.16,49.04,58.8,NORMAL,A,05/25/2026 00:58:52
TRF-0002,Riyadh-East,226.52,335.53,60.13,76.0,57.5,NORMAL,C,05/25/2026 00:58:52
TRF-0003,Jeddah-Main,238.97,211.62,59.81,50.57,30.3,NORMAL,B,25-05-2026 00:58
TRF-0004,Jeddah-Industrial,223.51,442.44,60.12,98.89,39.4,NORMAL,C,05/25/2026 00:58:52
TRF-0005,Dammam-Central,226.81,458.73,59.89,104.04,53.4,NORMAL,B,05/25/2026 00:58:52
TRF-0006,Dammam-Port,232.9,493.05,60.16,114.83,45.0,NORMAL,C,2026-05-25 00:58:52
TRF-0007,Mecca-Haram,228.24,422.62,59.87,96.46,58.7,NORMAL,C,20260525T005852
TRF-0008,Medina-Central,221.92,176.51,60.05,39.17,55.2,NORMAL,B,20260525T005852
TRF-0009,Abha-City,229.6,325.75,60.09,74.79,31.5,NORMAL,A,05/25/2026 00:58:52
TRF-0010,Tabuk-Center,224.06,391.06,60.19,87.62,64.8,NORMAL,C,2026/05/25 00:58:52
TRF-0001,Riyadh-North,235.36,335.35,59.97,78.93,38.5,NORMAL,C,05/25/2026 00:58:53
TRF-0001,Riyadh-North,235.36,335.35,59.97,78.93,38.5,NORMAL,C,05/25/2026 00:58:53
TRF-0002,Riyadh-East,223.82,263.04,60.15,58.87,51.4,NORMAL,B,05/25/2026 00:58:53
TRF-0003,Jeddah-Main,231.98,365.96,59.84,84.9,40.5,NORMAL,A,20260525T005853
TRF-0004,Jeddah-Industrial,227.19,214.8,60.17,48.8,64.8,NORMAL,C,2026-05-25 00:58:53
TRF-0005,Dammam-Central,222.8,480.49,59.84,107.05,31.7,NORMAL,B,25-05-2026 00:58
TRF-0006,Dammam-Port,232.97,169.48,59.97,39.48,30.4,NORMAL,B,25-05-2026 00:58
TRF-0007,Mecca-Haram,238.63,151.08,60.08,36.05,58.4,NORMAL,B,20260525T005853
TRF-0008,Medina-Central,231.79,425.05,59.96,98.52,45.4,NORMAL,A,05/25/2026 00:58:53
TRF-0009,Abha-City,230.2,238.93,59.88,55.0,34.2,NORMAL,B,2026/05/25 00:58:53
TRF-0010,Tabuk-Center,238.2,256.66,60.2,61.14,57.3,NORMAL,A,05/25/2026 00:58:53
TRF-0001,Riyadh-North,237.4,483.33,60.16,114.74,60.9,NORMAL,A,2026-05-25 00:58:53
TRF-0002,Riyadh-East,230.44,433.34,60.05,99.86,49.2,NORMAL,C,20260525T005853
TRF-0004,Jeddah-Industrial,225.97,172.76,67.94,39.04,56.3,FREQ_DRIFT,A,25-05-2026 00:58
TRF-0005,Dammam-Central,230.02,128.59,60.08,29.58,56.4,NORMAL,B,20260525T005853
TRF-0006,Dammam-Port,226.18,476.12,59.83,107.69,44.0,NORMAL,C,2026-05-25 00:58:53
TRF-0007,Mecca-Haram,232.58,109.63,60.15,25.5,57.6,NORMAL,A,2026-05-25 00:58:53
TRF-0008,Medina-Central,234.86,421.08,59.94,98.89,58.8,NORMAL,C,2026-05-25 00:58:53
TRF-0009,Abha-City,234.12,223.96,60.02,52.43,57.7,NORMAL,A,20260525T005853
TRF-0010,Tabuk-Center,221.27,202.45,60.06,44.8,41.8,NORMAL,B,2026-05-25 00:58:53
TRF-0001,Riyadh-North,237.75,326.6,59.91,77.65,34.0,NORMAL,C,05/25/2026 00:58:53
TRF-0002,Riyadh-East,237.83,113.57,59.86,27.01,35.6,NORMAL,B,2026/05/25 00:58:53
TRF-0003,Jeddah-Main,232.9,204.32,59.86,47.59,39.1,NORMAL,C,2026-05-25 00:58:53
TRF-0004,Jeddah-Industrial,234.96,476.5,59.95,111.96,55.7,NORMAL,B,20260525T005853
TRF-0005,Dammam-Central,237.71,246.08,59.85,58.5,41.1,NORMAL,A,05/25/2026 00:58:53
TRF-0006,Dammam-Port,224.11,353.99,59.94,79.33,37.7,NORMAL,C,2026-05-25 00:58:53
TRF-0007,Mecca-Haram,228.97,122.68,59.93,28.09,55.3,NORMAL,C,25-05-2026 00:58
TRF-0008,Medina-Central,239.92,497.18,60.0,119.28,57.4,NORMAL,C,05/25/2026 00:58:53
TRF-0008,Medina-Central,239.92,497.18,60.0,119.28,57.4,NORMAL,C,05/25/2026 00:58:53
TRF-0009,Abha-City,223.54,103.2,59.9,23.07,60.7,NORMAL,B,25-05-2026 00:58
TRF-0010,Tabuk-Center,238.43,361.79,59.9,86.26,250.0,OVERHEAT,A,05/25/2026 00:58:53
TRF-0001,Riyadh-North,229.25,333.24,60.06,76.4,60.5,NORMAL,B,2026/05/25 00:58:53
TRF-0002,Riyadh-East,220.34,377.85,59.81,83.26,63.4,NORMAL,C,25-05-2026 00:58
TRF-0004,Jeddah-Industrial,239.02,0.0,60.16,0.0,46.4,OUTAGE,A,2026-05-25 00:58:53
TRF-0005,Dammam-Central,233.29,172.71,60.11,40.29,40.0,NORMAL,B,05/25/2026 00:58:53
TRF-0006,Dammam-Port,234.27,206.55,59.88,48.39,41.1,NORMAL,B,2026-05-25 00:58:53
TRF-0007,Mecca-Haram,226.34,422.84,60.08,95.71,58.8,NORMAL,C,2026-05-25 00:58:53
TRF-0008,Medina-Central,234.61,204.1,59.91,47.88,46.4,NORMAL,B,2026-05-25 00:58:53
TRF-0009,Abha-City,234.82,316.59,59.82,74.34,250.0,OVERHEAT,A,2026/05/25 00:58:53
TRF-0010,Tabuk-Center,220.47,496.62,60.01,109.49,51.2,NORMAL,B,25-05-2026 00:58
TRF-0001,Riyadh-North,221.23,210.4,60.12,46.55,35.8,NORMAL,A,25-05-2026 00:58
TRF-0002,Riyadh-East,225.26,284.77,60.03,64.15,44.4,NORMAL,C,2026/05/25 00:58:53
TRF-0003,Jeddah-Main,232.17,400.05,60.08,92.88,57.0,NORMAL,A,05/25/2026 00:58:53
TRF-0004,Jeddah-Industrial,234.58,157.3,59.89,36.9,54.1,NORMAL,C,2026-05-25 00:58:53
TRF-0005,Dammam-Central,238.33,477.2,60.02,113.73,50.1,NORMAL,A,20260525T005853
TRF-0006,Dammam-Port,224.45,140.93,60.17,31.63,63.6,NORMAL,A,25-05-2026 00:58
TRF-0007,Mecca-Haram,231.69,318.32,59.9,73.75,40.0,NORMAL,B,2026-05-25 00:58:53
TRF-0008,Medina-Central,225.05,354.46,59.9,79.77,51.6,NORMAL,B,25-05-2026 00:58
TRF-0009,Abha-City,238.31,311.01,60.03,74.12,56.8,NORMAL,C,2026/05/25 00:58:53
TRF-0010,Tabuk-Center,237.8,113.59,59.94,27.01,61.5,NORMAL,B,25-05-2026 00:58
TRF-0001,Riyadh-North,237.48,173.76,59.9,41.26,58.0,NORMAL,A,20260525T005853
TRF-0002,Riyadh-East,225.72,358.34,59.82,80.88,47.2,NORMAL,A,25-05-2026 00:58
TRF-0003,Jeddah-Main,223.79,232.44,59.89,52.02,30.9,NORMAL,A,2026/05/25 00:58:53
TRF-0004,Jeddah-Industrial,234.86,141.98,60.11,33.35,37.4,NORMAL,C,25-05-2026 00:58
TRF-0005,Dammam-Central,225.98,384.05,60.19,86.79,32.6,NORMAL,C,2026/05/25 00:58:53
TRF-0006,Dammam-Port,236.15,458.26,59.96,108.22,38.7,NORMAL,A,05/25/2026 00:58:53
TRF-0007,Mecca-Haram,226.36,334.88,59.9,75.8,36.7,NORMAL,B,20260525T005853
TRF-0008,Medina-Central,232.07,322.98,60.17,74.95,55.1,NORMAL,B,05/25/2026 00:58:53
TRF-0009,Abha-City,221.29,235.31,59.81,52.07,34.0,NORMAL,A,2026-05-25 00:58:53
TRF-0010,Tabuk-Center,231.39,273.93,59.83,63.38,33.9,NORMAL,A,2026/05/25 00:58:53
TRF-0001,Riyadh-North,224.58,100.07,60.09,22.47,58.0,NORMAL,B,05/25/2026 00:58:53
TRF-0002,Riyadh-East,235.03,476.77,60.08,112.06,30.4,NORMAL,B,20260525T005853
TRF-0003,Jeddah-Main,230.61,439.68,59.94,101.39,39.3,NORMAL,A,2026-05-25 00:58:53
TRF-0004,Jeddah-Industrial,237.3,371.57,60.15,88.17,36.2,NORMAL,C,20260525T005853
TRF-0005,Dammam-Central,235.15,221.12,59.99,52.0,40.3,NORMAL,B,05/25/2026 00:58:53
TRF-0006,Dammam-Port,226.24,197.22,60.15,44.62,61.8,NORMAL,B,20260525T005853
TRF-0007,Mecca-Haram,230.06,351.48,60.15,80.86,48.1,NORMAL,C,2026-05-25 00:58:53
TRF-0008,Medina-Central,226.23,285.93,59.97,64.69,59.7,NORMAL,A,2026/05/25 00:58:53
TRF-0009,Abha-City,233.76,116.12,60.1,27.14,41.9,NORMAL,C,2026-05-25 00:58:53
TRF-0010,Tabuk-Center,222.14,278.49,59.89,61.86,51.1,NORMAL,C,25-05-2026 00:58
TRF-0002,Riyadh-East,232.87,423.6,59.89,98.64,51.2,NORMAL,B,20260525T005853
TRF-0003,Jeddah-Main,226.5,227.7,60.05,51.57,31.0,NORMAL,B,05/25/2026 00:58:53
TRF-0004,Jeddah-Industrial,222.57,460.03,60.13,102.39,55.9,NORMAL,A,25-05-2026 00:58
TRF-0005,Dammam-Central,223.16,466.76,60.05,104.16,33.0,NORMAL,A,05/25/2026 00:58:53
TRF-0006,Dammam-Port,225.44,343.95,59.91,77.54,45.7,NORMAL,B,2026/05/25 00:58:53
TRF-0007,Mecca-Haram,226.78,437.58,59.92,99.23,57.4,NORMAL,B,2026-05-25 00:58:53
TRF-0008,Medina-Central,230.02,103.41,59.88,23.79,45.8,NORMAL,A,2026-05-25 00:58:53
TRF-0009,Abha-City,233.21,336.0,60.13,78.36,57.1,NORMAL,A,05/25/2026 00:58:53
TRF-0010,Tabuk-Center,233.74,326.22,60.14,76.25,43.5,NORMAL,A,05/25/2026 00:58:53
TRF-0001,Riyadh-North,222.22,183.76,59.92,40.84,35.1,NORMAL,A,20260525T005853
TRF-0002,Riyadh-East,224.02,0.0,59.96,0.0,59.3,OUTAGE,C,05/25/2026 00:58:53
TRF-0004,Jeddah-Industrial,232.92,426.71,60.18,99.39,41.8,NORMAL,A,2026/05/25 00:58:53
TRF-0005,Dammam-Central,225.54,283.19,60.04,63.87,53.2,NORMAL,B,05/25/2026 00:58:53
TRF-0006,Dammam-Port,-230,485.24,60.04,113.63,53.6,NORMAL,C,25-05-2026 00:58
TRF-0008,Medina-Central,227.5,383.17,60.16,87.17,31.6,NORMAL,A,05/25/2026 00:58:53
TRF-0009,Abha-City,229.79,426.74,60.12,98.06,34.0,NORMAL,C,2026/05/25 00:58:53
TRF-0010,Tabuk-Center,234.63,482.37,59.88,113.18,38.7,NORMAL,C,05/25/2026 00:58:53
TRF-0001,Riyadh-North,233.92,480.93,60.07,112.5,38.1,NORMAL,A,2026-05-25 00:58:53
TRF-0002,Riyadh-East,229.03,477.9,60.15,109.45,45.7,NORMAL,B,05/25/2026 00:58:53
TRF-0003,Jeddah-Main,233.73,264.31,60.03,61.78,44.0,NORMAL,A,20260525T005853
TRF-0005,Dammam-Central,224.57,231.57,60.07,52.0,57.1,NORMAL,B,2026-05-25 00:58:53
TRF-0006,Dammam-Port,233.01,296.08,59.85,68.99,43.8,NORMAL,C,05/25/2026 00:58:53
TRF-0007,Mecca-Haram,-230,468.77,59.94,105.76,48.7,NORMAL,C,05/25/2026 00:58:53
TRF-0008,Medina-Central,232.52,230.97,60.02,53.71,32.8,NORMAL,A,2026/05/25 00:58:53
TRF-0009,Abha-City,-230,281.9,60.08,65.12,35.5,NORMAL,A,25-05-2026 00:58
TRF-0010,Tabuk-Center,226.75,324.04,60.01,73.48,54.0,NORMAL,C,2026-05-25 00:58:53
TRF-0001,Riyadh-North,223.03,233.89,60.09,52.16,59.1,NORMAL,B,20260525T005853
TRF-0002,Riyadh-East,234.94,204.35,60.15,48.01,64.8,NORMAL,A,05/25/2026 00:58:53
TRF-0003,Jeddah-Main,233.21,441.01,60.06,102.85,59.3,NORMAL,C,2026-05-25 00:58:53
TRF-0004,Jeddah-Industrial,224.63,271.06,60.01,60.89,46.1,NORMAL,A,05/25/2026 00:58:53
TRF-0005,Dammam-Central,236.17,176.21,59.89,41.62,38.8,NORMAL,A,20260525T005853
TRF-0006,Dammam-Port,226.55,293.23,60.17,66.43,57.8,NORMAL,A,20260525T005853
TRF-0007,Mecca-Haram,225.9,228.57,59.94,51.63,36.0,NORMAL,A,2026/05/25 00:58:53
TRF-0008,Medina-Central,231.69,182.71,59.83,42.33,38.1,NORMAL,B,2026-05-25 00:58:53
TRF-0009,Abha-City,235.69,322.56,59.88,76.02,45.0,NORMAL,C,2026-05-25 00:58:53
TRF-0010,Tabuk-Center,228.88,417.72,60.02,95.61,56.0,NORMAL,A,2026/05/25 00:58:53
TRF-0001,Riyadh-North,231.12,242.33,59.96,56.01,33.6,NORMAL,B,2026/05/25 00:58:53
TRF-0002,Riyadh-East,238.05,397.78,60.1,94.69,44.6,NORMAL,C,2026/05/25 00:58:53
TRF-0002,Riyadh-East,238.05,397.78,60.1,94.69,44.6,NORMAL,C,2026/05/25 00:58:53
TRF-0003,Jeddah-Main,238.91,492.42,60.15,117.64,42.8,NORMAL,A,05/25/2026 00:58:53
TRF-0004,Jeddah-Industrial,221.24,199.39,60.16,44.11,55.4,NORMAL,B,05/25/2026 00:58:53
TRF-0005,Dammam-Central,229.58,360.52,60.09,82.77,47.1,NORMAL,A,25-05-2026 00:58
TRF-0006,Dammam-Port,234.88,290.5,59.82,68.23,53.6,NORMAL,B,25-05-2026 00:58
TRF-0007,Mecca-Haram,239.15,163.36,59.85,39.07,47.6,NORMAL,C,25-05-2026 00:58
TRF-0008,Medina-Central,224.25,198.49,59.99,44.51,57.6,NORMAL,C,05/25/2026 00:58:53
TRF-0009,Abha-City,235.87,0.0,59.98,0.0,51.8,OUTAGE,B,20260525T005853
TRF-0010,Tabuk-Center,227.12,237.87,60.04,54.03,39.1,NORMAL,A,2026-05-25 00:58:53
TRF-0001,Riyadh-North,232.56,470.81,60.01,109.49,36.7,NORMAL,C,05/25/2026 00:58:53
TRF-0002,Riyadh-East,224.09,315.94,60.15,70.8,47.6,NORMAL,A,05/25/2026 00:58:53
TRF-0003,Jeddah-Main,224.08,178.25,60.09,39.94,61.4,NORMAL,B,2026-05-25 00:58:53
TRF-0004,Jeddah-Industrial,232.09,1095.38,60.05,224.79,113.2,OVERLOAD,C,25-05-2026 00:58
TRF-0005,Dammam-Central,224.63,154.86,59.86,34.79,42.1,NORMAL,C,05/25/2026 00:58:53
TRF-0005,Dammam-Central,224.63,154.86,59.86,34.79,42.1,NORMAL,C,05/25/2026 00:58:53
TRF-0006,Dammam-Port,225.02,322.6,59.89,72.59,35.2,NORMAL,B,25-05-2026 00:58
TRF-0007,Mecca-Haram,225.52,907.74,60.1,223.08,93.4,OVERLOAD,C,20260525T005853
TRF-0008,Medina-Central,238.61,423.87,60.2,101.14,40.8,NORMAL,A,05/25/2026 00:58:53
TRF-0009,Abha-City,224.01,434.09,59.83,97.24,34.0,NORMAL,C,20260525T005853
TRF-0010,Tabuk-Center,236.66,278.62,59.83,65.94,42.9,NORMAL,B,2026-05-25 00:58:53
TRF-0001,Riyadh-North,232.66,321.89,60.14,74.89,37.3,NORMAL,C,20260525T005853
TRF-0002,Riyadh-East,236.04,403.75,60.18,95.3,44.1,NORMAL,A,2026-05-25 00:58:53
TRF-0003,Jeddah-Main,237.32,190.23,60.06,45.15,39.3,NORMAL,C,2026-05-25 00:58:53
TRF-0004,Jeddah-Industrial,235.61,294.39,60.2,69.36,36.9,NORMAL,A,25-05-2026 00:58
TRF-0005,Dammam-Central,230.31,373.06,68.46,85.92,53.9,FREQ_DRIFT,C,2026-05-25 00:58:53
TRF-0006,Dammam-Port,231.02,321.6,59.95,74.3,47.4,NORMAL,C,20260525T005853
TRF-0007,Mecca-Haram,238.94,113.29,59.85,27.07,44.2,NORMAL,B,20260525T005853
TRF-0008,Medina-Central,220.78,217.81,59.9,48.09,47.9,NORMAL,A,2026-05-25 00:58:53
TRF-0009,Abha-City,222.57,336.96,60.11,75.0,44.2,NORMAL,B,2026-05-25 00:58:53
TRF-0010,Tabuk-Center,231.49,134.93,60.02,31.23,250.0,OVERHEAT,C,20260525T005853
TRF-0001,Riyadh-North,220.83,381.96,60.2,84.35,39.0,NORMAL,C,20260525T005853
TRF-0002,Riyadh-East,226.09,142.12,60.15,32.13,46.8,NORMAL,A,20260525T005853
TRF-0002,Riyadh-East,226.09,142.12,60.15,32.13,46.8,NORMAL,A,20260525T005853
TRF-0003,Jeddah-Main,235.74,194.72,60.03,45.9,48.8,NORMAL,C,25-05-2026 00:58
TRF-0004,Jeddah-Industrial,238.69,329.78,59.85,78.72,54.8,NORMAL,A,05/25/2026 00:58:53
TRF-0005,Dammam-Central,239.3,488.57,60.03,116.91,49.5,NORMAL,B,2026/05/25 00:58:53
TRF-0006,Dammam-Port,226.17,356.05,60.03,80.53,36.8,NORMAL,A,2026-05-25 00:58:53
TRF-0007,Mecca-Haram,239.31,251.84,60.1,60.27,56.7,NORMAL,C,20260525T005853
TRF-0008,Medina-Central,223.88,115.84,60.15,25.93,44.6,NORMAL,C,25-05-2026 00:58
TRF-0009,Abha-City,236.86,177.47,59.86,42.04,32.3,NORMAL,A,25-05-2026 00:58
TRF-0010,Tabuk-Center,236.74,278.97,60.08,66.04,61.7,NORMAL,C,2026/05/25 00:58:53
TRF-0001,Riyadh-North,236.18,283.22,60.18,66.89,51.7,NORMAL,C,25-05-2026 00:58
TRF-0002,Riyadh-East,229.79,458.5,60.13,105.36,57.4,NORMAL,A,20260525T005853
TRF-0003,Jeddah-Main,224.82,438.22,60.09,98.52,46.6,NORMAL,B,2026-05-25 00:58:53
TRF-0004,Jeddah-Industrial,237.26,178.19,59.98,42.28,32.4,NORMAL,A,25-05-2026 00:58
TRF-0005,Dammam-Central,234.3,213.57,59.96,50.04,60.0,NORMAL,C,05/25/2026 00:58:53
TRF-0006,Dammam-Port,230.5,401.66,64.65,92.58,37.1,FREQ_DRIFT,C,05/25/2026 00:58:53
TRF-0007,Mecca-Haram,232.81,470.77,60.18,109.6,60.7,NORMAL,B,25-05-2026 00:58
TRF-0008,Medina-Central,224.17,113.24,60.09,25.39,62.7,NORMAL,C,2026-05-25 00:58:53
TRF-0009,Abha-City,238.96,384.49,59.8,91.88,55.7,NORMAL,C,20260525T005853
TRF-0010,Tabuk-Center,224.25,293.63,59.99,65.85,58.6,NORMAL,B,2026-05-25 00:58:53
TRF-0001,Riyadh-North,239.04,165.29,59.97,39.51,62.5,NORMAL,C,05/25/2026 00:58:53
TRF-0002,Riyadh-East,223.2,185.75,60.03,41.46,34.5,NORMAL,A,05/25/2026 00:58:53
TRF-0003,Jeddah-Main,222.6,130.69,59.81,29.09,45.9,NORMAL,C,20260525T005853
TRF-0004,Jeddah-Industrial,221.88,399.19,60.13,88.57,57.1,NORMAL,B,2026/05/25 00:58:53
TRF-0005,Dammam-Central,229.81,416.21,59.93,95.65,49.1,NORMAL,B,20260525T005853
TRF-0006,Dammam-Port,227.67,174.61,60.13,39.75,45.2,NORMAL,A,2026-05-25 00:58:53
TRF-0007,Mecca-Haram,226.8,456.64,60.07,103.57,58.5,NORMAL,C,2026/05/25 00:58:53
TRF-0008,Medina-Central,239.93,134.58,59.9,32.29,35.9,NORMAL,C,2026/05/25 00:58:53
TRF-0009,Abha-City,224.86,137.52,60.07,30.92,41.2,NORMAL,A,2026-05-25 00:58:53
TRF-0010,Tabuk-Center,222.52,351.93,60.16,78.31,59.7,NORMAL,B,05/25/2026 00:58:53
TRF-0001,Riyadh-North,222.44,177.18,60.17,39.41,62.7,NORMAL,B,20260525T005853
TRF-0002,Riyadh-East,229.53,329.85,59.88,75.71,45.0,NORMAL,B,2026-05-25 00:58:53
TRF-0003,Jeddah-Main,229.5,482.14,60.05,110.65,43.5,NORMAL,B,20260525T005853
TRF-0004,Jeddah-Industrial,235.44,219.93,60.19,51.78,36.6,NORMAL,B,20260525T005853
TRF-0005,Dammam-Central,220.63,164.9,60.04,36.38,48.3,NORMAL,C,20260525T005853
TRF-0006,Dammam-Port,233.1,260.59,60.02,60.74,44.2,NORMAL,A,2026/05/25 00:58:53
TRF-0007,Mecca-Haram,231.33,400.65,59.94,92.68,44.3,NORMAL,B,2026-05-25 00:58:53
TRF-0008,Medina-Central,232.83,214.35,60.02,49.91,42.5,NORMAL,A,2026-05-25 00:58:53
TRF-0009,Abha-City,228.62,363.87,60.1,83.19,250.0,OVERHEAT,C,20260525T005853
TRF-0010,Tabuk-Center,223.89,210.07,60.07,47.03,63.1,NORMAL,B,05/25/2026 00:58:53
TRF-0001,Riyadh-North,231.38,203.79,60.06,47.15,51.9,NORMAL,B,25-05-2026 00:58
TRF-0002,Riyadh-East,230.99,188.86,59.92,43.62,49.1,NORMAL,B,05/25/2026 00:58:53
TRF-0003,Jeddah-Main,239.25,104.35,60.08,24.97,40.7,NORMAL,B,20260525T005853
TRF-0003,Jeddah-Main,239.25,104.35,60.08,24.97,40.7,NORMAL,B,20260525T005853
TRF-0004,Jeddah-Industrial,223.15,423.23,59.86,94.44,,NORMAL,B,05/25/2026 00:58:53
TRF-0005,Dammam-Central,233.55,245.49,60.05,57.33,62.0,NORMAL,B,2026/05/25 00:58:53
TRF-0006,Dammam-Port,230.19,339.45,60.08,78.14,51.2,NORMAL,A,05/25/2026 00:58:53
TRF-0007,Mecca-Haram,229.83,188.07,60.13,43.22,52.4,NORMAL,B,2026-05-25 00:58:53
TRF-0008,Medina-Central,227.69,122.82,60.13,27.96,54.2,NORMAL,B,2026/05/25 00:58:53
TRF-0009,Abha-City,239.35,331.46,60.11,79.33,52.0,NORMAL,A,20260525T005853
TRF-0010,Tabuk-Center,223.27,453.77,59.9,101.31,37.2,NORMAL,A,2026/05/25 00:58:53
TRF-0001,Riyadh-North,237.83,268.91,59.89,63.95,48.7,NORMAL,C,05/25/2026 00:58:53
TRF-0002,Riyadh-East,236.2,252.33,59.84,59.6,45.7,NORMAL,A,2026/05/25 00:58:53
TRF-0003,Jeddah-Main,232.18,144.79,60.01,33.62,52.2,NORMAL,C,2026/05/25 00:58:53
TRF-0004,Jeddah-Industrial,229.49,413.88,60.14,94.98,41.9,NORMAL,B,20260525T005853
TRF-0005,Dammam-Central,220.52,405.31,60.16,89.38,47.5,NORMAL,C,2026-05-25 00:58:53
TRF-0006,Dammam-Port,222.49,124.22,59.8,27.64,62.3,NORMAL,B,20260525T005853
TRF-0007,Mecca-Haram,235.82,427.59,59.98,100.83,46.3,NORMAL,A,20260525T005853
TRF-0008,Medina-Central,224.36,349.76,60.16,78.47,41.2,NORMAL,A,2026-05-25 00:58:53
TRF-0009,Abha-City,223.09,427.12,60.08,,41.8,NORMAL,B,2026-05-25 00:58:53
TRF-0010,Tabuk-Center,230.65,299.54,60.18,69.09,45.8,NORMAL,A,2026-05-25 00:58:53
TRF-0001,Riyadh-North,229.78,365.66,60.18,84.02,32.8,NORMAL,B,20260525T005854
TRF-0002,Riyadh-East,227.6,241.39,59.95,54.94,250.0,OVERHEAT,B,2026/05/25 00:58:54
TRF-0003,Jeddah-Main,236.5,343.6,59.87,81.26,46.4,NORMAL,B,20260525T005854
TRF-0004,Jeddah-Industrial,226.96,330.75,59.9,75.07,30.6,NORMAL,B,2026/05/25 00:58:54
TRF-0005,Dammam-Central,225.65,464.84,60.13,104.89,64.8,NORMAL,B,20260525T005854
TRF-0006,Dammam-Port,236.64,304.22,60.18,71.99,57.1,NORMAL,C,25-05-2026 00:58
TRF-0007,Mecca-Haram,236.42,122.02,,28.85,58.6,NORMAL,B,2026-05-25 00:58:54
TRF-0008,Medina-Central,223.9,402.79,59.88,90.18,50.5,NORMAL,A,25-05-2026 00:58
TRF-0009,Abha-City,228.81,388.64,59.83,88.92,37.2,NORMAL,B,2026-05-25 00:58:54
TRF-0010,Tabuk-Center,232.42,366.78,59.84,85.25,53.8,NORMAL,A,2026/05/25 00:58:54
TRF-0001,Riyadh-North,229.74,252.0,59.89,57.89,50.0,NORMAL,C,20260525T005854
TRF-0002,Riyadh-East,238.8,323.0,60.07,77.13,51.6,NORMAL,C,2026-05-25 00:58:54
TRF-0003,Jeddah-Main,228.37,286.14,60.12,65.35,63.8,NORMAL,C,2026-05-25 00:58:54
TRF-0004,Jeddah-Industrial,232.33,301.28,59.83,70.0,46.7,NORMAL,A,2026-05-25 00:58:54
TRF-0005,Dammam-Central,225.8,367.92,60.13,83.08,42.2,NORMAL,B,20260525T005854
TRF-0006,Dammam-Port,223.27,185.36,60.17,41.39,42.1,NORMAL,C,2026/05/25 00:58:54
TRF-0007,Mecca-Haram,223.11,136.72,60.02,30.5,37.9,NORMAL,B,25-05-2026 00:58
TRF-0008,Medina-Central,221.2,172.95,59.83,38.26,40.5,NORMAL,A,2026/05/25 00:58:54
TRF-0009,Abha-City,231.54,347.74,59.89,80.52,43.8,NORMAL,C,05/25/2026 00:58:54
TRF-0010,Tabuk-Center,229.28,378.91,60.2,86.88,39.2,NORMAL,A,2026-05-25 00:58:54
TRF-0001,Riyadh-North,229.26,488.69,59.92,112.04,250.0,OVERHEAT,B,25-05-2026 00:58
TRF-0002,Riyadh-East,234.02,129.94,60.02,30.41,62.3,NORMAL,A,2026/05/25 00:58:54
TRF-0003,Jeddah-Main,221.24,213.52,59.86,47.24,55.4,NORMAL,C,05/25/2026 00:58:54
TRF-0004,Jeddah-Industrial,230.9,239.35,60.14,55.27,52.3,NORMAL,A,2026-05-25 00:58:54
TRF-0005,Dammam-Central,239.44,425.9,59.9,101.98,38.8,NORMAL,A,25-05-2026 00:58
TRF-0006,Dammam-Port,232.23,135.44,59.98,31.45,40.5,NORMAL,C,20260525T005854
TRF-0006,Dammam-Port,232.23,135.44,59.98,31.45,40.5,NORMAL,C,20260525T005854
TRF-0007,Mecca-Haram,235.71,440.8,59.95,103.9,57.0,NORMAL,B,20260525T005854
TRF-0009,Abha-City,236.18,187.54,59.91,44.29,55.8,NORMAL,A,2026/05/25 00:58:54
TRF-0010,Tabuk-Center,220.96,112.91,60.05,24.95,46.1,NORMAL,A,2026/05/25 00:58:54
TRF-0001,Riyadh-North,226.58,278.49,59.96,63.1,57.4,NORMAL,A,25-05-2026 00:58
TRF-0002,Riyadh-East,235.36,487.01,59.98,114.62,52.6,NORMAL,C,20260525T005854
TRF-0004,Jeddah-Industrial,228.85,356.1,60.09,81.49,48.8,NORMAL,C,2026-05-25 00:58:54
TRF-0005,Dammam-Central,231.27,465.82,60.06,107.73,31.1,NORMAL,A,05/25/2026 00:58:54
TRF-0006,Dammam-Port,223.81,401.5,59.8,89.86,36.2,NORMAL,B,2026/05/25 00:58:54
TRF-0007,Mecca-Haram,227.55,434.65,60.1,98.9,62.9,NORMAL,B,2026-05-25 00:58:54
TRF-0008,Medina-Central,224.12,457.83,59.83,102.61,49.9,NORMAL,C,25-05-2026 00:58
TRF-0009,Abha-City,224.0,254.4,59.82,56.99,47.3,NORMAL,B,2026/05/25 00:58:54
TRF-0010,Tabuk-Center,237.45,101.06,59.89,24.0,38.7,NORMAL,C,20260525T005854
TRF-0001,Riyadh-North,226.9,246.64,60.13,55.96,39.6,NORMAL,B,2026/05/25 00:58:54
TRF-0002,Riyadh-East,223.86,349.77,60.19,78.3,34.3,NORMAL,C,2026/05/25 00:58:54
TRF-0003,Jeddah-Main,233.37,498.59,59.95,116.36,31.6,NORMAL,A,2026/05/25 00:58:54
TRF-0004,Jeddah-Industrial,233.42,343.33,59.87,80.14,44.9,NORMAL,C,25-05-2026 00:58
TRF-0005,Dammam-Central,224.22,469.64,60.16,105.3,48.4,NORMAL,B,05/25/2026 00:58:54
TRF-0006,Dammam-Port,221.91,188.34,59.95,41.79,58.6,NORMAL,B,25-05-2026 00:58
TRF-0007,Mecca-Haram,221.77,115.58,59.92,25.63,32.2,NORMAL,B,05/25/2026 00:58:54
TRF-0008,Medina-Central,220.39,282.16,60.11,62.19,53.0,NORMAL,A,25-05-2026 00:58
TRF-0009,Abha-City,235.84,180.49,60.14,42.57,44.1,NORMAL,B,2026-05-25 00:58:54
TRF-0010,Tabuk-Center,238.42,419.13,60.15,99.93,41.1,NORMAL,B,2026/05/25 00:58:54
TRF-0001,Riyadh-North,220.94,323.4,60.15,71.45,37.2,NORMAL,A,05/25/2026 00:58:54
TRF-0002,Riyadh-East,226.34,186.81,60.06,42.28,37.0,NORMAL,C,20260525T005854
TRF-0003,Jeddah-Main,227.93,202.85,60.17,46.24,45.7,NORMAL,A,25-05-2026 00:58
TRF-0004,Jeddah-Industrial,222.36,320.22,60.0,71.2,47.8,NORMAL,B,2026/05/25 00:58:54
TRF-0005,Dammam-Central,220.58,391.31,60.02,86.32,64.0,NORMAL,B,2026/05/25 00:58:54
TRF-0006,Dammam-Port,239.79,392.2,60.05,94.05,53.8,NORMAL,B,25-05-2026 00:58
TRF-0007,Mecca-Haram,237.38,437.24,60.15,103.79,48.9,NORMAL,C,20260525T005854
TRF-0008,Medina-Central,221.58,207.11,60.08,45.89,50.0,NORMAL,C,2026-05-25 00:58:54
TRF-0009,Abha-City,233.86,238.18,60.15,55.7,43.4,NORMAL,B,05/25/2026 00:58:54
TRF-0010,Tabuk-Center,229.45,336.87,60.03,77.29,31.1,NORMAL,C,2026/05/25 00:58:54
TRF-0001,Riyadh-North,229.11,395.72,60.06,90.66,53.8,NORMAL,C,05/25/2026 00:58:54
TRF-0002,Riyadh-East,228.79,292.04,59.9,66.82,62.2,NORMAL,C,20260525T005854
TRF-0003,Jeddah-Main,234.53,369.77,59.94,86.72,52.3,NORMAL,B,05/25/2026 00:58:54
TRF-0004,Jeddah-Industrial,227.43,449.53,60.05,102.24,38.8,NORMAL,C,25-05-2026 00:58
TRF-0005,Dammam-Central,229.21,109.03,59.9,24.99,53.5,NORMAL,B,2026/05/25 00:58:54
TRF-0006,Dammam-Port,239.3,167.34,59.81,40.04,33.8,NORMAL,C,2026/05/25 00:58:54
TRF-0007,Mecca-Haram,227.51,219.89,59.84,50.03,56.0,NORMAL,B,20260525T005854
TRF-0008,Medina-Central,224.81,178.18,59.92,40.06,43.5,NORMAL,C,20260525T005854
TRF-0009,Abha-City,232.18,110.1,60.1,25.56,58.8,NORMAL,A,25-05-2026 00:58
TRF-0010,Tabuk-Center,222.32,470.48,60.16,104.6,63.0,NORMAL,C,20260525T005854
TRF-0001,Riyadh-North,236.5,169.94,59.93,40.19,57.6,NORMAL,C,05/25/2026 00:58:54
TRF-0002,Riyadh-East,221.55,187.4,59.97,41.52,48.6,NORMAL,C,20260525T005854
TRF-0003,Jeddah-Main,223.55,315.49,59.89,70.53,62.0,NORMAL,B,05/25/2026 00:58:54
TRF-0004,Jeddah-Industrial,228.06,422.71,60.15,96.4,61.3,NORMAL,A,2026-05-25 00:58:54
TRF-0005,Dammam-Central,236.42,392.62,59.95,92.82,35.4,NORMAL,B,05/25/2026 00:58:54
TRF-0007,Mecca-Haram,225.03,451.84,60.18,101.68,50.6,NORMAL,A,2026/05/25 00:58:54
TRF-0008,Medina-Central,238.41,204.74,59.99,48.81,43.3,NORMAL,B,05/25/2026 00:58:54
TRF-0009,Abha-City,222.12,399.17,59.86,88.66,57.0,NORMAL,A,2026/05/25 00:58:54
TRF-0010,Tabuk-Center,233.99,151.15,60.02,35.37,58.0,NORMAL,C,2026/05/25 00:58:54
TRF-0001,Riyadh-North,223.94,414.24,60.09,92.76,49.5,NORMAL,A,2026-05-25 00:58:54
TRF-0002,Riyadh-East,221.58,366.69,60.05,81.25,49.9,NORMAL,B,2026-05-25 00:58:54
TRF-0003,Jeddah-Main,233.68,137.66,59.86,32.17,34.4,NORMAL,A,20260525T005854
TRF-0004,Jeddah-Industrial,225.01,272.11,60.11,61.23,36.7,NORMAL,B,2026/05/25 00:58:54
TRF-0005,Dammam-Central,233.14,383.47,59.89,89.4,37.8,NORMAL,C,2026-05-25 00:58:54
TRF-0006,Dammam-Port,238.43,399.48,60.12,95.25,57.7,NORMAL,B,2026-05-25 00:58:54
TRF-0007,Mecca-Haram,233.16,451.02,60.09,105.16,38.3,NORMAL,B,2026/05/25 00:58:54
TRF-0008,Medina-Central,220.14,288.29,60.18,63.46,47.5,NORMAL,C,25-05-2026 00:58
TRF-0009,Abha-City,237.65,148.91,59.92,35.39,64.4,NORMAL,C,05/25/2026 00:58:54
TRF-0010,Tabuk-Center,230.53,365.2,60.13,84.19,40.5,NORMAL,B,20260525T005854
TRF-0010,Tabuk-Center,230.53,365.2,60.13,84.19,40.5,NORMAL,B,20260525T005854
TRF-0001,Riyadh-North,232.75,266.61,59.82,62.05,31.7,NORMAL,C,25-05-2026 00:58
TRF-0002,Riyadh-East,226.12,345.26,59.81,78.07,64.5,NORMAL,C,05/25/2026 00:58:54
TRF-0003,Jeddah-Main,220.16,1136.89,59.81,242.0,111.7,OVERLOAD,C,20260525T005854
TRF-0004,Jeddah-Industrial,225.21,354.62,59.82,79.86,36.9,NORMAL,C,2026/05/25 00:58:54
TRF-0005,Dammam-Central,235.97,409.9,60.11,96.72,60.9,NORMAL,B,25-05-2026 00:58
TRF-0006,Dammam-Port,234.93,386.5,60.15,90.8,56.7,NORMAL,A,05/25/2026 00:58:54
TRF-0007,Mecca-Haram,239.82,494.04,59.8,118.48,63.9,NORMAL,A,25-05-2026 00:58
TRF-0008,Medina-Central,226.31,240.68,60.03,54.47,30.9,NORMAL,C,05/25/2026 00:58:54
TRF-0009,Abha-City,222.39,291.89,60.03,64.91,61.4,NORMAL,A,25-05-2026 00:58
TRF-0010,Tabuk-Center,229.31,190.09,60.0,43.59,54.5,NORMAL,A,2026-05-25 00:58:54
TRF-0001,Riyadh-North,228.84,440.38,59.81,100.78,57.1,NORMAL,A,2026-05-25 00:58:54
TRF-0002,Riyadh-East,225.77,431.84,60.05,97.5,53.1,NORMAL,C,2026/05/25 00:58:54
TRF-0003,Jeddah-Main,227.79,326.42,59.89,74.36,43.1,NORMAL,A,25-05-2026 00:58
TRF-0004,Jeddah-Industrial,224.89,442.66,60.11,99.55,53.8,NORMAL,C,2026/05/25 00:58:54
TRF-0005,Dammam-Central,220.84,935.42,59.87,234.75,98.2,OVERLOAD,C,05/25/2026 00:58:54
TRF-0006,Dammam-Port,224.33,445.84,59.81,100.02,35.1,NORMAL,A,2026-05-25 00:58:54
TRF-0007,Mecca-Haram,234.25,269.2,60.08,63.06,42.3,NORMAL,A,2026/05/25 00:58:54
TRF-0008,Medina-Central,229.31,494.11,59.94,113.3,60.7,NORMAL,C,2026-05-25 00:58:54
TRF-0009,Abha-City,232.39,219.67,60.18,51.05,56.2,NORMAL,C,05/25/2026 00:58:54
TRF-0010,Tabuk-Center,223.08,451.43,59.93,100.71,55.8,NORMAL,B,05/25/2026 00:58:54
TRF-0001,Riyadh-North,239.59,363.29,59.84,87.04,39.2,NORMAL,A,2026/05/25 00:58:54
TRF-0002,Riyadh-East,235.75,289.71,60.13,68.3,50.7,NORMAL,C,20260525T005854
TRF-0003,Jeddah-Main,233.93,390.15,59.83,91.27,61.6,NORMAL,A,2026-05-25 00:58:54
TRF-0004,Jeddah-Industrial,227.8,321.12,59.89,73.15,54.2,NORMAL,A,25-05-2026 00:58
TRF-0005,Dammam-Central,230.15,217.61,59.84,50.08,33.1,NORMAL,B,25-05-2026 00:58
TRF-0006,Dammam-Port,234.41,257.69,59.97,60.41,49.8,NORMAL,C,25-05-2026 00:58
TRF-0007,Mecca-Haram,220.02,107.33,60.17,23.61,32.4,NORMAL,C,2026/05/25 00:58:54
TRF-0008,Medina-Central,236.17,373.65,59.99,88.24,55.2,NORMAL,C,2026-05-25 00:58:54
TRF-0009,Abha-City,223.45,244.37,60.06,54.6,52.3,NORMAL,B,2026/05/25 00:58:54
TRF-0010,Tabuk-Center,222.41,339.15,59.84,75.43,37.8,NORMAL,A,2026/05/25 00:58:54
TRF-0001,Riyadh-North,227.14,102.53,59.82,23.29,45.6,NORMAL,C,05/25/2026 00:58:54
TRF-0002,Riyadh-East,237.21,399.44,59.81,94.75,51.8,NORMAL,B,20260525T005854
TRF-0003,Jeddah-Main,233.05,211.99,59.91,49.4,47.3,NORMAL,C,25-05-2026 00:58
TRF-0004,Jeddah-Industrial,229.98,382.78,60.0,,58.3,NORMAL,A,2026-05-25 00:58:54
TRF-0005,Dammam-Central,236.61,411.17,60.16,97.29,54.7,NORMAL,C,2026/05/25 00:58:54
TRF-0006,Dammam-Port,226.1,258.58,60.02,58.46,36.8,NORMAL,A,05/25/2026 00:58:54
TRF-0007,Mecca-Haram,231.25,165.67,60.0,38.31,40.2,NORMAL,C,2026-05-25 00:58:54
TRF-0007,Mecca-Haram,231.25,165.67,60.0,38.31,40.2,NORMAL,C,2026-05-25 00:58:54
TRF-0008,Medina-Central,227.92,231.18,60.07,52.69,33.4,NORMAL,B,2026/05/25 00:58:54
TRF-0009,Abha-City,230.01,229.17,59.95,52.71,36.3,NORMAL,B,2026-05-25 00:58:54
TRF-0010,Tabuk-Center,237.22,279.78,60.19,66.37,32.6,NORMAL,A,2026-05-25 00:58:54
TRF-0001,Riyadh-North,226.95,359.16,59.86,81.51,62.7,NORMAL,A,2026/05/25 00:58:54
TRF-0002,Riyadh-East,225.41,153.61,59.82,34.63,40.5,NORMAL,C,25-05-2026 00:58
TRF-0003,Jeddah-Main,230.05,220.68,60.08,50.77,33.4,NORMAL,A,20260525T005854
TRF-0004,Jeddah-Industrial,220.37,203.11,59.87,44.76,60.4,NORMAL,B,05/25/2026 00:58:54
TRF-0005,Dammam-Central,230.86,228.71,59.83,52.8,59.6,NORMAL,B,05/25/2026 00:58:54
TRF-0006,Dammam-Port,222.52,312.59,59.94,69.56,38.2,NORMAL,C,20260525T005854
TRF-0007,Mecca-Haram,235.46,205.65,59.86,48.42,34.6,NORMAL,B,2026/05/25 00:58:54
TRF-0008,Medina-Central,231.5,233.89,60.16,54.15,56.0,NORMAL,B,2026/05/25 00:58:54
TRF-0008,Medina-Central,231.5,233.89,60.16,54.15,56.0,NORMAL,B,2026/05/25 00:58:54
TRF-0009,Abha-City,221.38,345.58,60.09,76.5,46.2,NORMAL,B,25-05-2026 00:58
TRF-0010,Tabuk-Center,227.84,283.51,60.02,64.59,62.5,NORMAL,A,20260525T005854
TRF-0001,Riyadh-North,235.83,118.36,59.86,27.91,35.0,NORMAL,B,20260525T005854
TRF-0002,Riyadh-East,225.49,229.24,59.8,51.69,53.2,NORMAL,A,25-05-2026 00:58
TRF-0003,Jeddah-Main,228.27,149.25,59.91,34.07,35.6,NORMAL,A,20260525T005854
TRF-0004,Jeddah-Industrial,228.58,397.74,60.02,90.92,32.4,NORMAL,A,25-05-2026 00:58
TRF-0005,Dammam-Central,224.44,365.97,59.84,82.14,31.5,NORMAL,C,20260525T005854
TRF-0006,Dammam-Port,224.6,149.45,60.06,33.57,50.2,NORMAL,A,05/25/2026 00:58:54
TRF-0007,Mecca-Haram,238.4,205.93,59.81,49.09,62.0,NORMAL,B,2026-05-25 00:58:54
TRF-0008,Medina-Central,222.79,468.56,60.11,104.39,41.2,NORMAL,B,2026-05-25 00:58:54
TRF-0009,Abha-City,229.53,336.42,60.09,77.22,55.5,NORMAL,C,2026-05-25 00:58:54
TRF-0010,Tabuk-Center,225.82,106.18,60.16,23.98,50.1,NORMAL,C,20260525T005854
TRF-0001,Riyadh-North,237.46,274.26,60.19,65.13,50.6,NORMAL,C,2026-05-25 00:58:54
TRF-0002,Riyadh-East,229.05,280.9,59.89,64.34,50.1,NORMAL,A,20260525T005854
TRF-0003,Jeddah-Main,238.6,227.29,59.89,54.23,40.5,NORMAL,A,2026-05-25 00:58:54
TRF-0004,Jeddah-Industrial,228.05,219.35,60.2,50.02,60.0,NORMAL,A,2026-05-25 00:58:54
TRF-0005,Dammam-Central,220.01,483.04,60.17,106.27,59.2,NORMAL,B,2026-05-25 00:58:54
TRF-0006,Dammam-Port,230.52,157.27,60.03,36.25,34.8,NORMAL,A,2026/05/25 00:58:54
TRF-0007,Mecca-Haram,231.77,385.46,59.81,89.34,61.6,NORMAL,C,20260525T005854
TRF-0008,Medina-Central,239.1,372.67,60.1,89.11,44.7,NORMAL,B,05/25/2026 00:58:54
TRF-0009,Abha-City,221.33,273.61,59.96,60.56,36.6,NORMAL,B,20260525T005854
TRF-0010,Tabuk-Center,222.41,446.69,60.12,99.35,49.5,NORMAL,A,20260525T005854
TRF-0001,Riyadh-North,234.61,138.91,59.83,32.59,32.6,NORMAL,A,25-05-2026 00:58
TRF-0002,Riyadh-East,230.0,401.92,,92.44,55.6,NORMAL,C,05/25/2026 00:58:54
TRF-0003,Jeddah-Main,237.16,120.96,60.17,28.69,33.3,NORMAL,B,2026-05-25 00:58:54
TRF-0004,Jeddah-Industrial,224.07,429.84,59.82,96.31,60.1,NORMAL,A,25-05-2026 00:58
TRF-0005,Dammam-Central,223.81,196.04,60.19,43.88,56.7,NORMAL,A,25-05-2026 00:58
TRF-0006,Dammam-Port,226.92,295.81,60.05,67.13,31.0,NORMAL,A,2026-05-25 00:58:54
TRF-0007,Mecca-Haram,221.92,416.29,59.97,92.38,41.0,NORMAL,C,05/25/2026 00:58:54
TRF-0008,Medina-Central,228.79,491.75,59.9,112.51,44.3,NORMAL,C,05/25/2026 00:58:54
TRF-0009,Abha-City,238.27,351.56,59.89,83.77,43.2,NORMAL,B,2026-05-25 00:58:54
TRF-0010,Tabuk-Center,238.99,185.42,60.08,44.31,43.3,NORMAL,C,2026/05/25 00:58:54
TRF-0001,Riyadh-North,220.14,256.39,59.92,56.44,40.6,NORMAL,C,20260525T005854
TRF-0002,Riyadh-East,231.72,499.48,59.82,115.74,60.8,NORMAL,A,20260525T005854
TRF-0003,Jeddah-Main,233.47,469.91,59.83,109.71,49.0,NORMAL,A,2026-05-25 00:58:54
TRF-0004,Jeddah-Industrial,235.23,435.07,59.89,102.34,54.8,NORMAL,B,2026-05-25 00:58:54
TRF-0005,Dammam-Central,236.84,451.88,59.9,107.02,33.5,NORMAL,A,05/25/2026 00:58:54
TRF-0006,Dammam-Port,221.03,448.39,60.15,99.11,48.2,NORMAL,A,2026/05/25 00:58:54
TRF-0007,Mecca-Haram,221.4,250.68,60.1,55.5,35.9,NORMAL,A,25-05-2026 00:58
TRF-0008,Medina-Central,221.05,483.23,59.8,106.82,31.1,NORMAL,A,2026/05/25 00:58:54
TRF-0009,Abha-City,223.22,246.88,59.99,55.11,32.6,NORMAL,A,20260525T005854
TRF-0010,Tabuk-Center,224.96,455.98,59.87,102.58,57.2,NORMAL,C,20260525T005854
TRF-0001,Riyadh-North,238.33,143.53,59.93,34.21,55.0,NORMAL,A,05/25/2026 00:58:54
TRF-0002,Riyadh-East,222.22,338.47,60.13,75.21,63.4,NORMAL,B,25-05-2026 00:58
TRF-0003,Jeddah-Main,237.23,274.29,59.89,65.07,49.5,NORMAL,B,2026/05/25 00:58:54
TRF-0004,Jeddah-Industrial,226.95,256.64,60.05,58.24,39.9,NORMAL,A,2026/05/25 00:58:54
TRF-0005,Dammam-Central,237.11,426.93,60.09,101.23,37.0,NORMAL,B,2026-05-25 00:58:54
TRF-0006,Dammam-Port,235.52,427.4,60.17,100.66,33.4,NORMAL,B,25-05-2026 00:58
TRF-0007,Mecca-Haram,-230,334.8,60.19,79.01,42.0,NORMAL,B,2026/05/25 00:58:54
TRF-0008,Medina-Central,233.43,449.44,60.15,104.91,51.7,NORMAL,C,25-05-2026 00:58
TRF-0009,Abha-City,221.14,425.03,59.96,93.99,40.9,NORMAL,C,2026-05-25 00:58:54
TRF-0010,Tabuk-Center,232.92,434.54,59.96,101.21,64.8,NORMAL,C,05/25/2026 00:58:54
TRF-0001,Riyadh-North,238.69,373.38,60.13,89.12,59.0,NORMAL,C,05/25/2026 00:58:54
TRF-0002,Riyadh-East,225.35,282.06,51.97,63.56,40.2,FREQ_DRIFT,C,2026-05-25 00:58:54
TRF-0003,Jeddah-Main,235.57,423.4,59.91,99.74,31.6,NORMAL,B,25-05-2026 00:58
TRF-0004,Jeddah-Industrial,227.0,145.09,59.92,32.94,51.6,NORMAL,B,2026-05-25 00:58:54
TRF-0005,Dammam-Central,220.81,102.5,59.85,22.63,63.4,NORMAL,B,2026-05-25 00:58:54
TRF-0006,Dammam-Port,229.6,402.93,59.93,92.51,46.2,NORMAL,C,25-05-2026 00:58
TRF-0007,Mecca-Haram,224.84,201.21,60.0,45.24,64.9,NORMAL,C,20260525T005854
TRF-0008,Medina-Central,235.08,338.18,60.03,79.5,47.2,NORMAL,B,2026/05/25 00:58:54
TRF-0009,Abha-City,220.01,289.14,60.13,63.61,58.8,NORMAL,B,25-05-2026 00:58
TRF-0010,Tabuk-Center,-230,472.67,60.2,105.82,63.3,NORMAL,B,2026-05-25 00:58:54
TRF-0001,Riyadh-North,232.25,390.49,59.99,90.69,40.7,NORMAL,B,2026-05-25 00:58:55
TRF-0002,Riyadh-East,228.71,215.06,60.06,49.19,58.6,NORMAL,A,05/25/2026 00:58:55
TRF-0003,Jeddah-Main,231.44,420.75,60.2,97.38,44.2,NORMAL,A,2026-05-25 00:58:55
TRF-0004,Jeddah-Industrial,226.14,0.0,60.19,0.0,30.8,OUTAGE,A,2026/05/25 00:58:55
TRF-0005,Dammam-Central,224.75,443.64,60.14,99.71,49.5,NORMAL,B,25-05-2026 00:58
TRF-0006,Dammam-Port,226.01,401.08,60.08,90.65,31.0,NORMAL,C,05/25/2026 00:58:55
TRF-0007,Mecca-Haram,238.95,0.0,60.11,0.0,52.3,OUTAGE,A,25-05-2026 00:58
TRF-0008,Medina-Central,221.93,124.81,60.19,27.7,44.7,NORMAL,B,25-05-2026 00:58
TRF-0009,Abha-City,225.53,486.06,60.19,109.62,54.2,NORMAL,C,05/25/2026 00:58:55
TRF-0010,Tabuk-Center,230.51,477.15,60.12,109.99,62.2,NORMAL,C,05/25/2026 00:58:55
TRF-0001,Riyadh-North,226.29,148.86,59.85,33.69,61.9,NORMAL,C,25-05-2026 00:58
TRF-0002,Riyadh-East,237.03,438.91,60.14,104.03,39.8,NORMAL,A,05/25/2026 00:58:55
TRF-0004,Jeddah-Industrial,-230,170.39,60.02,38.3,33.3,NORMAL,C,2026-05-25 00:58:55
TRF-0005,Dammam-Central,236.45,301.62,60.17,71.32,41.3,NORMAL,A,20260525T005855
TRF-0006,Dammam-Port,230.48,209.24,60.04,48.23,63.0,NORMAL,A,2026-05-25 00:58:55
TRF-0007,Mecca-Haram,222.78,317.04,60.17,70.63,55.0,NORMAL,B,2026-05-25 00:58:55
TRF-0008,Medina-Central,238.12,471.96,59.82,112.38,64.6,NORMAL,A,05/25/2026 00:58:55
TRF-0009,Abha-City,228.4,461.75,59.8,105.46,,NORMAL,A,05/25/2026 00:58:55
TRF-0010,Tabuk-Center,229.43,239.23,60.12,54.89,41.8,NORMAL,C,20260525T005855
TRF-0001,Riyadh-North,234.95,140.42,59.89,32.99,51.4,NORMAL,B,2026-05-25 00:58:55
TRF-0002,Riyadh-East,227.33,130.91,59.83,29.76,46.0,NORMAL,B,05/25/2026 00:58:55
TRF-0003,Jeddah-Main,237.55,275.97,59.97,65.56,55.0,NORMAL,A,25-05-2026 00:58
TRF-0004,Jeddah-Industrial,221.49,226.1,59.84,50.08,55.3,NORMAL,B,25-05-2026 00:58
TRF-0005,Dammam-Central,222.11,176.92,60.04,39.3,58.8,NORMAL,B,05/25/2026 00:58:55
TRF-0006,Dammam-Port,238.0,149.83,60.05,35.66,46.6,NORMAL,A,2026-05-25 00:58:55
TRF-0007,Mecca-Haram,239.37,326.07,59.89,78.05,57.5,NORMAL,A,2026-05-25 00:58:55
TRF-0008,Medina-Central,224.85,203.63,59.8,45.79,61.9,NORMAL,B,25-05-2026 00:58
TRF-0009,Abha-City,239.06,284.28,60.19,67.96,31.9,NORMAL,A,2026-05-25 00:58:55
TRF-0010,Tabuk-Center,222.73,148.24,60.1,33.02,38.2,NORMAL,A,2026-05-25 00:58:55
TRF-0001,Riyadh-North,234.25,474.74,59.88,111.21,33.8,NORMAL,C,2026-05-25 00:58:55
TRF-0002,Riyadh-East,230.17,260.64,59.98,59.99,32.8,NORMAL,C,2026-05-25 00:58:55
TRF-0003,Jeddah-Main,228.09,480.54,59.82,109.61,48.8,NORMAL,B,05/25/2026 00:58:55
TRF-0004,Jeddah-Industrial,224.41,479.83,59.84,107.68,,NORMAL,C,2026-05-25 00:58:55
TRF-0005,Dammam-Central,225.84,395.99,59.83,,61.2,NORMAL,B,25-05-2026 00:58
TRF-0006,Dammam-Port,223.44,337.32,59.98,75.37,58.1,NORMAL,B,20260525T005855
TRF-0007,Mecca-Haram,233.77,299.74,59.92,70.07,57.5,NORMAL,A,2026-05-25 00:58:55
TRF-0008,Medina-Central,230.92,346.1,60.02,79.92,41.6,NORMAL,A,2026/05/25 00:58:55
TRF-0009,Abha-City,223.72,296.44,60.12,66.32,62.3,NORMAL,A,05/25/2026 00:58:55
TRF-0010,Tabuk-Center,226.12,415.06,59.88,93.85,53.1,NORMAL,B,2026-05-25 00:58:55
TRF-0001,Riyadh-North,233.74,278.57,60.08,65.11,64.5,NORMAL,C,2026-05-25 00:58:55
TRF-0002,Riyadh-East,236.51,304.92,59.9,72.12,40.3,NORMAL,A,25-05-2026 00:58
TRF-0003,Jeddah-Main,220.19,107.58,52.41,23.69,33.0,FREQ_DRIFT,B,25-05-2026 00:58
TRF-0004,Jeddah-Industrial,221.3,350.2,60.06,77.5,34.5,NORMAL,C,2026-05-25 00:58:55
TRF-0005,Dammam-Central,237.56,387.93,59.89,92.16,36.5,NORMAL,C,2026-05-25 00:58:55
TRF-0006,Dammam-Port,-230,467.24,59.9,109.77,56.6,NORMAL,B,2026/05/25 00:58:55
TRF-0007,Mecca-Haram,228.16,116.76,60.13,26.64,54.8,NORMAL,C,25-05-2026 00:58
TRF-0008,Medina-Central,228.48,403.71,60.14,92.24,39.4,NORMAL,B,2026/05/25 00:58:55
TRF-0009,Abha-City,-230,385.4,60.09,86.87,64.3,NORMAL,A,20260525T005855
TRF-0010,Tabuk-Center,230.24,368.76,59.91,84.9,47.5,NORMAL,B,2026/05/25 00:58:55
TRF-0001,Riyadh-North,232.16,108.46,60.15,25.18,40.6,NORMAL,A,05/25/2026 00:58:55
TRF-0002,Riyadh-East,221.6,156.13,59.88,34.6,45.6,NORMAL,C,25-05-2026 00:58
TRF-0003,Jeddah-Main,232.25,143.67,59.84,33.37,30.7,NORMAL,B,2026/05/25 00:58:55
TRF-0003,Jeddah-Main,232.25,143.67,59.84,33.37,30.7,NORMAL,B,2026/05/25 00:58:55
TRF-0004,Jeddah-Industrial,223.56,293.94,59.83,65.71,30.7,NORMAL,B,25-05-2026 00:58
TRF-0005,Dammam-Central,226.12,428.46,,96.88,41.7,NORMAL,C,2026/05/25 00:58:55
TRF-0006,Dammam-Port,235.34,372.79,59.95,87.73,31.0,NORMAL,B,05/25/2026 00:58:55
TRF-0007,Mecca-Haram,222.3,332.83,59.87,73.99,38.4,NORMAL,B,20260525T005855
TRF-0008,Medina-Central,236.96,387.24,60.0,91.76,51.0,NORMAL,C,2026/05/25 00:58:55
TRF-0009,Abha-City,230.91,401.94,59.8,92.81,62.4,NORMAL,B,25-05-2026 00:58
TRF-0010,Tabuk-Center,224.74,244.95,60.18,55.05,33.1,NORMAL,C,05/25/2026 00:58:55
TRF-0001,Riyadh-North,220.6,305.79,60.2,67.46,53.9,NORMAL,A,2026-05-25 00:58:55
TRF-0002,Riyadh-East,225.53,1153.57,60.12,207.92,109.7,OVERLOAD,B,20260525T005855
TRF-0003,Jeddah-Main,226.74,446.49,60.19,101.24,52.7,NORMAL,C,25-05-2026 00:58
TRF-0004,Jeddah-Industrial,221.52,481.63,60.07,106.69,41.3,NORMAL,A,25-05-2026 00:58
TRF-0005,Dammam-Central,224.36,188.14,59.99,42.21,37.9,NORMAL,A,2026/05/25 00:58:55
TRF-0006,Dammam-Port,226.79,385.5,59.82,87.43,34.1,NORMAL,B,20260525T005855
TRF-0007,Mecca-Haram,227.42,297.67,60.0,67.7,35.1,NORMAL,A,05/25/2026 00:58:55
TRF-0008,Medina-Central,221.5,381.54,59.83,84.51,60.8,NORMAL,B,2026-05-25 00:58:55
TRF-0009,Abha-City,233.87,230.31,59.84,53.86,43.0,NORMAL,B,2026/05/25 00:58:55
TRF-0010,Tabuk-Center,234.4,361.56,60.13,84.75,34.1,NORMAL,A,05/25/2026 00:58:55
TRF-0001,Riyadh-North,221.52,177.56,59.98,39.33,30.3,NORMAL,A,20260525T005855
TRF-0001,Riyadh-North,221.52,177.56,59.98,39.33,30.3,NORMAL,A,20260525T005855
TRF-0002,Riyadh-East,235.64,135.29,60.18,31.88,60.2,NORMAL,A,2026/05/25 00:58:55
TRF-0003,Jeddah-Main,227.35,262.62,60.14,59.71,52.9,NORMAL,A,2026/05/25 00:58:55
TRF-0004,Jeddah-Industrial,230.9,101.33,60.07,23.4,39.6,NORMAL,A,2026/05/25 00:58:55
TRF-0005,Dammam-Central,226.52,433.68,60.04,98.24,44.2,NORMAL,A,2026/05/25 00:58:55
TRF-0006,Dammam-Port,231.69,452.95,59.89,104.94,63.0,NORMAL,A,2026/05/25 00:58:55
TRF-0007,Mecca-Haram,227.72,427.9,59.96,97.44,38.6,NORMAL,A,05/25/2026 00:58:55
TRF-0008,Medina-Central,220.59,464.18,59.9,102.39,30.5,NORMAL,B,25-05-2026 00:58
TRF-0009,Abha-City,236.85,327.04,60.16,77.46,54.5,NORMAL,B,20260525T005855
TRF-0010,Tabuk-Center,231.72,478.94,60.09,110.98,33.1,NORMAL,C,2026-05-25 00:58:55
TRF-0001,Riyadh-North,238.23,110.4,60.04,26.3,34.8,NORMAL,C,05/25/2026 00:58:55
TRF-0002,Riyadh-East,233.49,0.0,59.98,0.0,41.2,OUTAGE,B,25-05-2026 00:58
TRF-0003,Jeddah-Main,226.82,241.0,60.14,54.66,41.0,NORMAL,C,2026-05-25 00:58:55
TRF-0004,Jeddah-Industrial,-230,213.18,59.95,47.69,55.3,NORMAL,C,2026-05-25 00:58:55
TRF-0005,Dammam-Central,236.82,212.72,59.86,50.38,53.8,NORMAL,C,05/25/2026 00:58:55
TRF-0006,Dammam-Port,230.11,363.82,60.11,83.72,250.0,OVERHEAT,C,20260525T005855
TRF-0007,Mecca-Haram,232.94,437.23,59.94,101.85,31.5,NORMAL,B,05/25/2026 00:58:55
TRF-0008,Medina-Central,238.95,405.55,59.89,96.91,52.1,NORMAL,B,25-05-2026 00:58
TRF-0009,Abha-City,230.96,155.73,59.9,35.97,62.0,NORMAL,C,2026/05/25 00:58:55
TRF-0010,Tabuk-Center,235.43,414.84,60.12,97.67,39.9,NORMAL,A,25-05-2026 00:58
TRF-0001,Riyadh-North,237.18,483.63,59.81,114.71,49.3,NORMAL,A,25-05-2026 00:58
TRF-0002,Riyadh-East,231.4,411.73,60.02,95.27,37.4,NORMAL,A,2026/05/25 00:58:55
TRF-0003,Jeddah-Main,230.81,219.91,60.0,50.76,47.2,NORMAL,C,05/25/2026 00:58:55
TRF-0004,Jeddah-Industrial,223.67,1156.54,60.13,225.07,127.7,OVERLOAD,C,25-05-2026 00:58
TRF-0005,Dammam-Central,230.33,160.89,59.84,37.06,34.2,NORMAL,B,2026/05/25 00:58:55
TRF-0007,Mecca-Haram,236.02,219.37,60.14,51.78,46.2,NORMAL,B,25-05-2026 00:58
TRF-0008,Medina-Central,228.41,157.33,59.91,35.94,60.4,NORMAL,B,05/25/2026 00:58:55
TRF-0009,Abha-City,-230,354.63,60.12,79.23,52.3,NORMAL,A,2026/05/25 00:58:55
TRF-0010,Tabuk-Center,234.41,472.14,60.17,110.67,33.3,NORMAL,B,20260525T005855
TRF-0001,Riyadh-North,230.72,453.25,59.83,104.57,56.8,NORMAL,A,2026/05/25 00:58:55
TRF-0002,Riyadh-East,222.26,323.61,59.99,71.93,64.6,NORMAL,C,2026-05-25 00:58:55
TRF-0003,Jeddah-Main,230.01,451.28,59.95,103.8,30.4,NORMAL,B,05/25/2026 00:58:55
TRF-0003,Jeddah-Main,230.01,451.28,59.95,103.8,30.4,NORMAL,B,05/25/2026 00:58:55
TRF-0004,Jeddah-Industrial,234.31,350.72,59.97,82.18,58.4,NORMAL,B,2026-05-25 00:58:55
TRF-0005,Dammam-Central,231.89,287.25,60.15,66.61,50.7,NORMAL,A,2026/05/25 00:58:55
TRF-0006,Dammam-Port,221.29,284.91,60.16,63.05,39.5,NORMAL,C,25-05-2026 00:58
TRF-0007,Mecca-Haram,220.97,250.77,59.89,55.41,55.2,NORMAL,A,20260525T005855
TRF-0008,Medina-Central,231.88,404.3,60.13,93.75,42.0,NORMAL,B,2026/05/25 00:58:55
TRF-0009,Abha-City,221.06,284.71,60.09,62.94,51.6,NORMAL,C,05/25/2026 00:58:55
TRF-0010,Tabuk-Center,220.84,239.91,60.08,52.98,30.3,NORMAL,A,2026-05-25 00:58:55
TRF-0001,Riyadh-North,222.28,282.41,60.09,62.77,31.4,NORMAL,C,20260525T005855
TRF-0002,Riyadh-East,230.14,191.5,59.9,44.07,51.0,NORMAL,C,25-05-2026 00:58
TRF-0003,Jeddah-Main,238.33,160.75,60.0,38.31,46.2,NORMAL,A,2026-05-25 00:58:55
TRF-0004,Jeddah-Industrial,227.74,245.66,59.8,55.95,48.1,NORMAL,A,2026-05-25 00:58:55
TRF-0005,Dammam-Central,231.2,488.72,60.05,112.99,42.1,NORMAL,B,2026-05-25 00:58:55
TRF-0006,Dammam-Port,-230,367.35,60.15,87.29,44.1,NORMAL,A,25-05-2026 00:58
TRF-0007,Mecca-Haram,239.08,137.36,60.12,32.84,44.8,NORMAL,C,2026/05/25 00:58:55
TRF-0008,Medina-Central,232.69,419.71,59.96,97.66,31.8,NORMAL,A,20260525T005855
TRF-0009,Abha-City,231.31,300.63,60.08,69.54,33.3,NORMAL,A,25-05-2026 00:58
TRF-0009,Abha-City,231.31,300.63,60.08,69.54,33.3,NORMAL,A,25-05-2026 00:58
TRF-0001,Riyadh-North,236.38,366.85,59.89,86.72,47.3,NORMAL,B,20260525T005855
TRF-0002,Riyadh-East,239.26,348.15,59.92,83.3,40.6,NORMAL,C,25-05-2026 00:58
TRF-0003,Jeddah-Main,230.59,413.76,60.12,95.41,48.0,NORMAL,A,25-05-2026 00:58
TRF-0003,Jeddah-Main,230.59,413.76,60.12,95.41,48.0,NORMAL,A,25-05-2026 00:58
TRF-0004,Jeddah-Industrial,235.04,160.25,59.98,37.67,32.3,NORMAL,A,2026-05-25 00:58:55
TRF-0005,Dammam-Central,236.93,206.36,59.98,48.89,54.7,NORMAL,A,20260525T005855
TRF-0006,Dammam-Port,223.14,187.28,59.94,41.79,51.2,NORMAL,A,05/25/2026 00:58:55
TRF-0007,Mecca-Haram,232.3,387.97,60.07,90.13,35.5,NORMAL,C,2026-05-25 00:58:55
TRF-0008,Medina-Central,224.52,398.99,59.89,89.58,33.2,NORMAL,C,05/25/2026 00:58:55
TRF-0009,Abha-City,237.98,180.06,59.92,42.85,52.7,NORMAL,A,2026/05/25 00:58:55
TRF-0010,Tabuk-Center,238.34,270.14,67.14,64.39,30.5,FREQ_DRIFT,A,2026-05-25 00:58:55
TRF-0001,Riyadh-North,221.55,265.64,60.16,58.85,47.7,NORMAL,B,2026/05/25 00:58:55
TRF-0002,Riyadh-East,225.45,183.35,59.86,41.34,46.0,NORMAL,C,25-05-2026 00:58
TRF-0003,Jeddah-Main,220.68,355.64,60.15,78.48,33.2,NORMAL,B,20260525T005855
TRF-0003,Jeddah-Main,220.68,355.64,60.15,78.48,33.2,NORMAL,B,20260525T005855
TRF-0004,Jeddah-Industrial,224.45,496.36,60.02,111.41,31.8,NORMAL,C,20260525T005855
TRF-0005,Dammam-Central,227.67,385.78,60.14,87.83,32.1,NORMAL,A,2026/05/25 00:58:55
TRF-0006,Dammam-Port,222.07,144.26,60.05,32.04,31.8,NORMAL,A,2026-05-25 00:58:55
TRF-0007,Mecca-Haram,238.26,430.41,60.17,102.55,30.1,NORMAL,B,20260525T005855
TRF-0008,Medina-Central,224.25,485.12,59.89,108.79,52.1,NORMAL,A,20260525T005855
TRF-0009,Abha-City,227.47,220.25,59.83,50.1,49.5,NORMAL,B,20260525T005855
TRF-0010,Tabuk-Center,234.3,370.04,59.89,86.7,52.9,NORMAL,A,25-05-2026 00:58
TRF-0001,Riyadh-North,220.38,202.97,60.16,44.73,63.7,NORMAL,A,20260525T005855
TRF-0002,Riyadh-East,235.29,303.92,59.93,71.51,50.8,NORMAL,C,05/25/2026 00:58:55
TRF-0003,Jeddah-Main,227.2,327.96,59.97,74.51,37.7,NORMAL,B,25-05-2026 00:58
TRF-0004,Jeddah-Industrial,225.02,241.38,60.06,54.32,62.9,NORMAL,B,25-05-2026 00:58
TRF-0005,Dammam-Central,227.32,194.01,,44.1,33.7,NORMAL,A,20260525T005855
TRF-0006,Dammam-Port,223.89,124.2,60.01,27.81,53.5,NORMAL,B,2026/05/25 00:58:55
TRF-0007,Mecca-Haram,221.11,158.02,60.18,34.94,34.8,NORMAL,A,25-05-2026 00:58
TRF-0008,Medina-Central,220.5,420.24,59.93,92.66,30.4,NORMAL,C,20260525T005855
TRF-0009,Abha-City,227.88,186.93,60.1,42.6,33.4,NORMAL,A,2026/05/25 00:58:55
TRF-0010,Tabuk-Center,221.59,207.35,59.85,45.95,61.4,NORMAL,B,2026/05/25 00:58:55
TRF-0001,Riyadh-North,220.12,232.73,60.12,51.23,46.4,NORMAL,B,05/25/2026 00:58:55
TRF-0002,Riyadh-East,221.3,188.08,60.17,41.62,51.2,NORMAL,B,2026-05-25 00:58:55
TRF-0003,Jeddah-Main,228.09,139.78,59.8,31.88,40.4,NORMAL,C,20260525T005855
TRF-0004,Jeddah-Industrial,228.71,347.07,59.88,79.38,43.8,NORMAL,B,2026/05/25 00:58:55
TRF-0005,Dammam-Central,224.14,148.18,59.97,33.21,44.5,NORMAL,B,2026-05-25 00:58:55
TRF-0006,Dammam-Port,229.48,431.67,60.06,99.06,41.3,NORMAL,A,2026/05/25 00:58:55
TRF-0007,Mecca-Haram,220.93,463.91,60.13,102.49,37.7,NORMAL,B,05/25/2026 00:58:55
TRF-0008,Medina-Central,239.33,284.99,60.12,68.21,39.5,NORMAL,B,20260525T005855
TRF-0009,Abha-City,232.45,275.79,59.9,64.11,42.2,NORMAL,C,25-05-2026 00:58
TRF-0010,Tabuk-Center,222.72,151.68,60.19,33.78,50.9,NORMAL,B,05/25/2026 00:58:55
