product_id,product_name,category,price,inventory,created_at,updated_at
PRD000001,Wireless Earbuds 01,Electronics,17.24,33,2026-04-24T08:00:00Z,2026-04-25T08:00:00Z
PRD000002,Coffee Maker 02,Home,24.49,46,2026-04-23T08:00:00Z,2026-04-25T08:00:00Z
PRD000003,Everyday Backpack 03,Fashion,30.99,59,2026-04-22T08:00:00Z,2026-04-25T08:00:00Z
PRD000004,Skin Care Set 04,Beauty,38.24,72,2026-04-21T08:00:00Z,2026-04-25T08:00:00Z
PRD000005,Yoga Mat 05,Sports,45.49,85,2026-04-20T08:00:00Z,2026-04-25T08:00:00Z
PRD000006,Data Engineering Guide 06,Books,51.99,98,2026-04-19T08:00:00Z,2026-04-25T08:00:00Z
PRD000007,Smart Watch 07,Electronics,59.24,111,2026-04-18T08:00:00Z,2026-04-25T08:00:00Z
PRD000008,Desk Lamp 08,Home,16.49,124,2026-04-17T08:00:00Z,2026-04-25T08:00:00Z
PRD000009,Cotton Hoodie 09,Fashion,22.99,137,2026-04-16T08:00:00Z,2026-04-25T08:00:00Z
PRD000010,Hair Dryer 10,Beauty,30.24,150,2026-04-15T08:00:00Z,2026-04-15T08:00:00Z
PRD000011,Resistance Bands 11,Sports,37.49,163,2026-04-14T08:00:00Z,2026-04-15T08:00:00Z
PRD000012,Product Design Book 12,Books,43.99,176,2026-04-13T08:00:00Z,2026-04-15T08:00:00Z
PRD000013,Bluetooth Speaker 13,Electronics,51.24,189,2026-04-12T08:00:00Z,2026-04-15T08:00:00Z
PRD000014,Air Purifier 14,Home,58.49,22,2026-04-11T08:00:00Z,2026-04-15T08:00:00Z
PRD000015,Running Shoes 15,Fashion,14.99,35,2026-04-10T08:00:00Z,2026-04-15T08:00:00Z
PRD000016,Face Cleanser 16,Beauty,22.24,48,2026-04-09T08:00:00Z,2026-04-15T08:00:00Z
PRD000017,Fitness Tracker 17,Sports,29.49,61,2026-04-08T08:00:00Z,2026-04-15T08:00:00Z
PRD000018,Business Analytics Book 18,Books,35.99,74,2026-04-07T08:00:00Z,2026-04-15T08:00:00Z
PRD000019,USB-C Hub 19,Electronics,43.24,87,2026-04-06T08:00:00Z,2026-04-15T08:00:00Z
PRD000020,Storage Basket 20,Home,50.49,100,2026-04-25T08:00:00Z,2026-04-25T08:00:00Z
PRD000021,Classic Cap 21,Fashion,56.99,113,2026-04-24T08:00:00Z,2026-04-25T08:00:00Z
PRD000022,Body Lotion 22,Beauty,14.24,126,2026-04-23T08:00:00Z,2026-04-25T08:00:00Z
PRD000023,Insulated Bottle 23,Sports,21.49,139,2026-04-22T08:00:00Z,2026-04-25T08:00:00Z
PRD000024,Python Cookbook 24,Books,27.99,152,2026-04-21T08:00:00Z,2026-04-25T08:00:00Z
PRD000025,Gaming Mouse 25,Electronics,35.24,165,2026-04-20T08:00:00Z,2026-04-25T08:00:00Z
PRD000026,Kitchen Scale 26,Home,42.49,178,2026-04-19T08:00:00Z,2026-04-25T08:00:00Z
PRD000027,Travel Wallet 27,Fashion,48.99,191,2026-04-18T08:00:00Z,2026-04-25T08:00:00Z
PRD000028,Makeup Brush Set 28,Beauty,56.24,24,2026-04-17T08:00:00Z,2026-04-25T08:00:00Z
PRD000029,Training Gloves 29,Sports,13.49,37,2026-04-16T08:00:00Z,2026-04-25T08:00:00Z
PRD000030,Leadership Journal 30,Books,19.99,50,2026-04-15T08:00:00Z,2026-04-15T08:00:00Z
PRD000031,Portable Charger 31,Electronics,27.24,63,2026-04-14T08:00:00Z,2026-04-15T08:00:00Z
PRD000032,Water Bottle 32,Home,34.49,76,2026-04-13T08:00:00Z,2026-04-15T08:00:00Z
PRD000033,Sports Jacket 33,Fashion,40.99,89,2026-04-12T08:00:00Z,2026-04-15T08:00:00Z
PRD000034,Perfume Mist 34,Beauty,48.24,102,2026-04-11T08:00:00Z,2026-04-15T08:00:00Z
PRD000035,Jump Rope 35,Sports,55.49,115,2026-04-10T08:00:00Z,2026-04-15T08:00:00Z
PRD000036,Travel Notebook 36,Books,11.99,128,2026-04-09T08:00:00Z,2026-04-15T08:00:00Z
PRD000037,Wireless Earbuds 37,Electronics,19.24,141,2026-04-08T08:00:00Z,2026-04-15T08:00:00Z
PRD000038,Coffee Maker 38,Home,26.49,154,2026-04-07T08:00:00Z,2026-04-15T08:00:00Z
PRD000039,Everyday Backpack 39,Fashion,32.99,167,2026-04-06T08:00:00Z,2026-04-15T08:00:00Z
PRD000040,Skin Care Set 40,Beauty,40.24,180,2026-04-25T08:00:00Z,2026-04-25T08:00:00Z
PRD000041,Yoga Mat 41,Sports,47.49,193,2026-04-24T08:00:00Z,2026-04-25T08:00:00Z
PRD000042,Data Engineering Guide 42,Books,53.99,26,2026-04-23T08:00:00Z,2026-04-25T08:00:00Z
PRD000043,Smart Watch 43,Electronics,11.24,39,2026-04-22T08:00:00Z,2026-04-25T08:00:00Z
PRD000044,Desk Lamp 44,Home,18.49,52,2026-04-21T08:00:00Z,2026-04-25T08:00:00Z
PRD000045,Cotton Hoodie 45,Fashion,24.99,65,2026-04-20T08:00:00Z,2026-04-25T08:00:00Z
PRD000046,Hair Dryer 46,Beauty,32.24,78,2026-04-19T08:00:00Z,2026-04-25T08:00:00Z
PRD000047,Resistance Bands 47,Sports,39.49,91,2026-04-18T08:00:00Z,2026-04-25T08:00:00Z
PRD000048,Product Design Book 48,Books,45.99,104,2026-04-17T08:00:00Z,2026-04-25T08:00:00Z
PRD000049,Bluetooth Speaker 49,Electronics,53.24,117,2026-04-16T08:00:00Z,2026-04-25T08:00:00Z
PRD000050,Air Purifier 50,Home,10.49,130,2026-04-15T08:00:00Z,2026-04-15T08:00:00Z
PRD000051,Running Shoes 51,Fashion,16.99,143,2026-04-14T08:00:00Z,2026-04-15T08:00:00Z
PRD000052,Face Cleanser 52,Beauty,24.24,156,2026-04-13T08:00:00Z,2026-04-15T08:00:00Z
PRD000053,Fitness Tracker 53,Sports,31.49,169,2026-04-12T08:00:00Z,2026-04-15T08:00:00Z
PRD000054,Business Analytics Book 54,Books,37.99,182,2026-04-11T08:00:00Z,2026-04-15T08:00:00Z
PRD000055,USB-C Hub 55,Electronics,45.24,195,2026-04-10T08:00:00Z,2026-04-15T08:00:00Z
PRD000056,Storage Basket 56,Home,52.49,28,2026-04-09T08:00:00Z,2026-04-15T08:00:00Z
PRD000057,Classic Cap 57,Fashion,58.99,41,2026-04-08T08:00:00Z,2026-04-15T08:00:00Z
PRD000058,Body Lotion 58,Beauty,16.24,54,2026-04-07T08:00:00Z,2026-04-15T08:00:00Z
PRD000059,Insulated Bottle 59,Sports,23.49,67,2026-04-06T08:00:00Z,2026-04-15T08:00:00Z
PRD000060,Python Cookbook 60,Books,29.99,80,2026-04-25T08:00:00Z,2026-04-25T08:00:00Z
PRD000061,Gaming Mouse 61,Electronics,37.24,93,2026-04-24T08:00:00Z,2026-04-25T08:00:00Z
PRD000062,Kitchen Scale 62,Home,44.49,106,2026-04-23T08:00:00Z,2026-04-25T08:00:00Z
PRD000063,Travel Wallet 63,Fashion,50.99,119,2026-04-22T08:00:00Z,2026-04-25T08:00:00Z
PRD000064,Makeup Brush Set 64,Beauty,58.24,132,2026-04-21T08:00:00Z,2026-04-25T08:00:00Z
PRD000065,Training Gloves 65,Sports,15.49,145,2026-04-20T08:00:00Z,2026-04-25T08:00:00Z
PRD000066,Leadership Journal 66,Books,21.99,158,2026-04-19T08:00:00Z,2026-04-25T08:00:00Z
PRD000067,Portable Charger 67,Electronics,29.24,171,2026-04-18T08:00:00Z,2026-04-25T08:00:00Z
PRD000068,Water Bottle 68,Home,36.49,184,2026-04-17T08:00:00Z,2026-04-25T08:00:00Z
PRD000069,Sports Jacket 69,Fashion,42.99,197,2026-04-16T08:00:00Z,2026-04-25T08:00:00Z
PRD000070,Perfume Mist 70,Beauty,50.24,30,2026-04-15T08:00:00Z,2026-04-15T08:00:00Z
PRD000071,Jump Rope 71,Sports,57.49,43,2026-04-14T08:00:00Z,2026-04-15T08:00:00Z
PRD000072,Travel Notebook 72,Books,13.99,56,2026-04-13T08:00:00Z,2026-04-15T08:00:00Z
